hs_product_code,pgi,pgi_standirized,pgi_standirized_less_one
0101,32.226824945399976,0.554985795360598,0.445014204639402
0102,41.48579525973566,0.714436719019003,0.28556328098099704
0103,30.36926095755935,0.522996245382542,0.47700375461745803
0104,37.33620331087613,0.6429756119424753,0.3570243880575247
0105,37.76471510855179,0.650355115236931,0.349644884763069
0106,38.35301759790663,0.660486411929062,0.339513588070938
0201,42.170745110750104,0.7262324028473485,0.27376759715265153
0202,42.50915076641457,0.7320601669004833,0.26793983309951674
0203,33.95852183698258,0.5848077582231116,0.4151922417768884
0204,36.26454680011975,0.6245203610146179,0.37547963898538206
0205,37.49374718884422,0.6456887124283733,0.35431128757162667
0206,40.875367282085655,0.7039243940456176,0.2960756059543824
0207,37.042820003424886,0.6379231884255073,0.3620768115744927
0208,28.535966178850074,0.49142464121066937,0.5085753587893307
0209,35.034930621067666,0.603344849177021,0.396655150822979
0210,36.27713544246533,0.6247371530099978,0.37526284699000223
0301,35.05246407949179,0.6036467970228117,0.39635320297718835
0302,33.683084666819404,0.5800643893925218,0.4199356106074782
0303,34.6389353815997,0.5965253212431496,0.4034746787568504
0304,34.86643969734945,0.6004432270200376,0.3995567729799624
0305,33.96318118614774,0.5848879979801052,0.41511200201989484
0306,43.14779541253687,0.7430584178135495,0.25694158218645047
0307,37.14009469142293,0.6395983788973739,0.3604016211026261
0308,34.726647953389644,0.5980358402440267,0.4019641597559733
0309,31.100834933635333,0.5355948543260395,0.4644051456739605
0401,34.507886571893124,0.5942684986114045,0.4057315013885955
0402,36.26152836790929,0.6244683798776645,0.37553162012233554
0403,35.95554195568766,0.6191989153044689,0.3808010846955311
0404,31.831629606081048,0.548180042696899,0.451819957303101
0405,32.6131539957419,0.5616388595590778,0.4383611404409222
0406,34.25628206546226,0.5899355577351494,0.4100644422648506
0407,36.24000398909456,0.6240977034453328,0.3759022965546672
0408,33.888104568556535,0.5835950857432517,0.4164049142567483
0409,35.51165389682602,0.6115546137694657,0.38844538623053426
0410,39.76876873990355,0.6848673981076582,0.3151326018923418
0501,34.78020519504516,0.5989581622043149,0.40104183779568514
0502,42.79166747719561,0.7369254541790506,0.26307454582094936
0504,37.307949040007735,0.6424890384430134,0.3575109615569866
0505,31.51592336266592,0.5427431906055464,0.45725680939445357
0506,34.408989236457415,0.5925653641431837,0.4074346358568163
0507,36.74818718801163,0.6328492468355897,0.36715075316441026
0508,33.68870675608446,0.5801612087251008,0.4198387912748992
0510,43.35285334986626,0.7465897691842341,0.25341023081576586
0511,35.491296884690925,0.6112040408355791,0.3887959591644209
0601,33.53443154054018,0.5775043986500057,0.4224956013499943
0602,38.559477335662045,0.6640419040373371,0.3359580959626629
0603,41.04323153134086,0.70681522409305,0.29318477590695
0604,48.35134398434824,0.8326699618523131,0.16733003814768688
0701,33.014722663960505,0.5685543688312691,0.4314456311687309
0702,37.541683820586115,0.6465142405323444,0.3534857594676556
0703,36.0322614370407,0.6205201196877896,0.37947988031221036
0704,38.46467419307048,0.6624092766350719,0.3375907233649281
0705,37.971106263394844,0.6539094262626071,0.34609057373739294
0706,37.721577362985016,0.6496122298898949,0.35038777011010513
0707,35.85897059477098,0.6175358369950729,0.38246416300492714
0708,41.89676508834581,0.7215141279038944,0.27848587209610565
0709,36.31359788259592,0.6253650813389893,0.37463491866101073
0710,37.63599785364059,0.6481384448632732,0.3518615551367268
0711,32.650102089637386,0.562275151446733,0.437724848553267
0712,35.6375356827912,0.613722453859939,0.38627754614006105
0713,38.784754199097456,0.667921450329653,0.332078549670347
0714,35.89190039407166,0.6181029288785245,0.38189707112147553
0801,36.36981923410784,0.6263332825669399,0.3736667174330601
0802,38.04075793412912,0.6551089142030463,0.3448910857969537
0803,47.12691627760493,0.8115838019268536,0.18841619807314636
0804,38.64513433228405,0.6655170234907429,0.33448297650925707
0805,39.486547787824286,0.6800072041598367,0.31999279584016327
0806,40.937956601713935,0.7050022595627398,0.29499774043726024
0807,42.987275261314444,0.7402940622200799,0.2597059377799201
0808,37.36887690288615,0.6435382916194119,0.3564617083805881
0809,38.14505181045458,0.6569049837817836,0.34309501621821636
0810,40.268927606944246,0.6934807525756062,0.30651924742439385
0811,36.78490423897562,0.6334815598781272,0.36651844012187285
0812,40.61677596486284,0.6994711316437087,0.30052886835629133
0813,35.11619821333911,0.6047443776571062,0.3952556223428938
0814,41.51850119512098,0.7149999556888763,0.2850000443111237
0901,40.964682233102195,0.7054625079991792,0.2945374920008208
0902,40.652182086466695,0.7000808688608327,0.29991913113916735
0903,46.271792924625274,0.7968575198624899,0.20314248013751013
0904,41.063202249621774,0.7071591445688596,0.29284085543114036
0905,43.34947185111624,0.7465315355922975,0.25346846440770254
0906,39.36236024238389,0.6778685409872504,0.32213145901274964
0907,44.79201629898232,0.7713739356456184,0.2286260643543816
0908,45.03986785393197,0.7756422460543584,0.2243577539456416
0909,35.01285798564187,0.6029647310875647,0.39703526891243535
0910,36.42039655413454,0.6272042865901344,0.3727957134098656
1001,34.25751869013842,0.5899568539419778,0.41004314605802217
1002,32.833489749307645,0.5654333138264851,0.4345666861735149
1003,34.973900594296076,0.6022938366119888,0.39770616338801124
1004,32.72823892220186,0.5636207643714075,0.4363792356285925
1005,37.20084949931578,0.6406446518528239,0.35935534814717607
1006,36.706604768699066,0.6321331461308414,0.3678668538691586
1007,38.4885407426479,0.6628202881455815,0.33717971185441853
1008,39.464270350193765,0.6796235591230415,0.3203764408769585
1101,37.9539949996886,0.6536147491321814,0.3463852508678186
1102,44.13550439947491,0.7600679885245749,0.2399320114754251
1103,40.89895123859672,0.7043305389539112,0.2956694610460888
1104,37.470041276518536,0.6452804672900729,0.35471953270992707
1105,30.22907729358806,0.5205821092590647,0.4794178907409353
1106,38.79857000305616,0.6681593755662086,0.33184062443379136
1107,38.43000713357146,0.6618122669817326,0.33818773301826743
1108,36.19458011553178,0.6233154481458948,0.3766845518541052
1109,32.00652048607254,0.5511918800186903,0.44880811998130965
1201,44.38765083979905,0.7644102621729323,0.2355897378270677
1202,38.149791223486474,0.6569866023376142,0.3430133976623858
1203,28.93771936650124,0.49834332813576976,0.5016566718642302
1204,30.021069534301766,0.5169999583048747,0.48300004169512534
1205,31.227781624394417,0.5377810333945233,0.4622189666054767
1206,28.673555525990768,0.49379409998873375,0.5062059000112662
1207,38.150528675325496,0.6569993021706295,0.3430006978293705
1208,38.6519581576059,0.665634538204962,0.334365461795038
1209,38.751111428019804,0.6673420801901404,0.3326579198098596
1210,30.11709289545154,0.5186535993803201,0.4813464006196799
1211,34.845375871859694,0.6000804818857411,0.39991951811425885
1212,41.556911618527785,0.7156614306998548,0.2843385693001452
1213,34.696857647595,0.5975228143228108,0.40247718567718915
1214,41.11537258498063,0.7080575822868919,0.29194241771310814
1301,36.45616113980508,0.6278201970019648,0.3721798029980352
1302,38.54510610469816,0.6637944136605991,0.3362055863394009
1401,40.285528447786184,0.6937666395928326,0.3062333604071674
1404,38.179136858490295,0.6574919704776824,0.3425080295223176
1501,33.071166121969135,0.5695263950078748,0.43047360499212517
1502,41.634328702407196,0.7169946486617268,0.2830053513382732
1503,33.72017497159585,0.5807031303274852,0.4192968696725148
1504,35.46039939611929,0.6106719478571792,0.38932805214282085
1505,39.4830381524932,0.6799467638974482,0.32005323610255176
1506,31.3184959869603,0.5393432469462633,0.46065675305373666
1507,43.68729077546218,0.7523491954062455,0.24765080459375455
1508,39.642428079419034,0.68269165563026,0.31730834436974
1509,34.100857235857134,0.5872589498836676,0.41274105011633244
1510,35.402669278848634,0.6096777638162754,0.39032223618372464
1511,42.24073392031361,0.7274376967355224,0.2725623032644776
1512,32.90157073080134,0.5666057525550047,0.43339424744499533
1513,38.55788715759441,0.6640145192037046,0.3359854807962954
1514,29.113973039056123,0.5013786344314978,0.49862136556850223
1515,39.07371535155926,0.6728977188667811,0.32710228113321893
1516,39.1590920422851,0.6743680111058713,0.3256319888941287
1517,39.19389967002695,0.6749674415182576,0.3250325584817424
1518,33.93559244189039,0.5844128856722496,0.4155871143277504
1520,39.86856646100355,0.6865860383309411,0.3134139616690589
1521,41.34435542933559,0.7120009501555409,0.2879990498444591
1522,37.03638430588484,0.6378123577518677,0.36218764224813227
1601,33.413339208111914,0.5754190388747678,0.42458096112523225
1602,34.51339297010444,0.5943633256009097,0.40563667439909035
1603,34.57634913634846,0.5954475086706036,0.4045524913293964
1604,39.734188870144976,0.6842718899695174,0.3157281100304826
1605,36.407315434212386,0.6269790135216113,0.37302098647838866
1701,44.67039893030045,0.7692795340965385,0.2307204659034615
1702,42.72323798018627,0.7357470135821815,0.26425298641781847
1703,38.42255954177991,0.6616840102372051,0.33831598976279487
1704,41.99197512945152,0.7231537626019725,0.2768462373980275
1801,40.65712645691831,0.7001660170369964,0.29983398296300356
1802,37.95656257655076,0.6536589659822563,0.34634103401774374
1803,40.75126589418179,0.701787214612401,0.298212785387599
1804,41.242095266955886,0.710239903646983,0.289760096353017
1805,39.39944754100712,0.6785072301525361,0.3214927698474639
1806,33.91526230646119,0.5840627755884892,0.4159372244115108
1901,37.46818007299682,0.6452484150628188,0.3547515849371812
1902,40.2441904815728,0.6930547486728802,0.3069452513271198
1903,37.7555773987102,0.6501977525686322,0.3498022474313678
1904,37.80163911240159,0.6509909922641963,0.3490090077358037
1905,36.367447191463064,0.6262924330579961,0.3737075669420039
2001,36.24941247063917,0.6242597291373462,0.3757402708626538
2002,37.137494508812765,0.63955360053598,0.36044639946402
2003,33.68153828731577,0.5800377588243474,0.4199622411756526
2004,35.004651752589865,0.60282340960197,0.39717659039803
2005,36.9684473660136,0.6366423995982896,0.3633576004017104
2006,34.38769892938634,0.5921987187158625,0.4078012812841375
2007,40.489913674976684,0.6972864060626742,0.3027135939373258
2008,39.85458082705585,0.6863451884118678,0.31365481158813224
2009,39.53057915697541,0.6807654788105526,0.3192345211894474
2101,40.41745208287469,0.696038527799955,0.303961472200045
2102,35.58112837594899,0.6127510502511437,0.38724894974885626
2103,44.81917402274388,0.7718416252472943,0.22815837475270573
2104,39.42519192902929,0.6789505803642545,0.3210494196357455
2105,34.83600311403474,0.5999190714003763,0.40008092859962374
2106,37.87058417548839,0.652178311546758,0.347821688453242
2201,33.71729416476676,0.5806535192698637,0.41934648073013625
2202,37.86496969319065,0.6520816232155673,0.3479183767844327
2203,41.615471774429196,0.7166699090328723,0.2833300909671277
2204,36.14055305492289,0.6223850353219874,0.3776149646780126
2205,35.08889962823919,0.6042742622489155,0.39572573775108455
2206,34.40107798137745,0.5924291225432031,0.4075708774567969
2207,38.44336186757229,0.6620422520231954,0.33795774797680456
2208,41.71720159662407,0.7184218224273309,0.2815781775726691
2209,35.20290232446646,0.6062375297177443,0.39376247028225575
2301,36.54445509027174,0.6293407280629144,0.3706592719370856
2302,40.17919354128222,0.6919354209493366,0.3080645790506634
2303,33.632184863180356,0.5791878318025584,0.4208121681974416
2304,43.79120208477763,0.754138676707773,0.24586132329222699
2305,34.809647754674174,0.5994651995063403,0.40053480049365975
2306,33.821323820271814,0.5824450386391896,0.4175549613608104
2307,38.540892061015306,0.6637218426149261,0.33627815738507394
2308,39.64184022570783,0.6826815320620829,0.31731846793791707
2309,38.27926341779834,0.6592162737017339,0.34078372629826614
2401,42.99173041117839,0.7403707854124788,0.2596292145875212
2402,39.15021605447965,0.6742151556148271,0.32578484438517286
2403,38.28537983659994,0.6593216060004977,0.3406783939995023
2404,33.48489642417714,0.5766513426632741,0.4233486573367259
2501,39.71604604458319,0.6839594480677303,0.31604055193226965
2502,37.99130401006835,0.6542572564482079,0.34574274355179213
2503,45.33927494378519,0.7807984065566828,0.21920159344331724
2504,46.56958876299125,0.801985932620825,0.19801406737917504
2505,34.62421003176839,0.5962717325014123,0.4037282674985877
2506,38.530507328766795,0.6635430046780113,0.3364569953219887
2507,34.47084291170274,0.5936305609539202,0.4063694390460798
2508,35.82184510981199,0.6168964902138425,0.3831035097861575
2509,33.61795256610908,0.5789427340393349,0.42105726596066506
2510,36.54434423135086,0.6293388189351465,0.37066118106485346
2511,37.059954237392354,0.638218261132249,0.361781738867751
2512,35.74522350686033,0.6155769714176851,0.3844230285823149
2513,35.65404380079099,0.6140067440751102,0.38599325592488976
2514,34.518004198522156,0.594442736659099,0.40555726334090103
2515,39.821891890263984,0.6857822444788039,0.31421775552119613
2516,45.25363132682803,0.7793235175176583,0.22067648248234173
2517,35.34881811378135,0.6087503801312055,0.3912496198687945
2518,38.213854088274005,0.6580898441253926,0.3419101558746074
2519,39.945621870927816,0.6879130278198562,0.3120869721801438
2520,37.75527633816698,0.6501925679336172,0.34980743206638276
2521,35.453941519116924,0.6105607352257588,0.3894392647742412
2522,41.88566142818802,0.7213229091389517,0.2786770908610483
2523,38.1320428587233,0.6566809535387913,0.3433190464612087
2524,36.78836672575857,0.6335411881841864,0.36645881181581363
2525,41.846558002389806,0.7206494997694368,0.2793505002305632
2526,30.68568811876826,0.5284455125701956,0.47155448742980444
2528,43.51829973170025,0.74943896056338,0.25056103943662
2529,38.93686625471318,0.6705410081145995,0.3294589918854005
2530,43.241551338606094,0.7446730108517235,0.25532698914827645
2601,36.12053787924374,0.6220403492347791,0.37795965076522087
2602,40.14120588894071,0.6912812265791387,0.3087187734208613
2603,41.760051799131475,0.7191597559271473,0.2808402440728527
2604,44.12591935692431,0.7599029222336038,0.24009707776639622
2605,42.12158077614564,0.7253857321812167,0.2746142678187833
2606,32.136075236105576,0.5534229730944633,0.4465770269055367
2607,37.53643066788137,0.6464237747437681,0.3535762252562319
2608,41.10737245661354,0.7079198101789562,0.2920801898210438
2609,43.1672809009756,0.7433939820311688,0.2566060179688312
2610,43.46060081601146,0.7484453138523173,0.2515546861476827
2611,40.29065863809705,0.6938549878168617,0.3061450121831383
2612,46.17189517962471,0.7951371571038937,0.20486284289610635
2613,37.18187520561901,0.6403178910410918,0.3596821089589082
2614,40.43824494089756,0.6963966065392412,0.3036033934607588
2615,41.72886929055086,0.7186227545515769,0.28137724544842313
2616,37.50526980137808,0.6458871460715438,0.35411285392845615
2617,36.55621510939795,0.6295432501413156,0.3704567498586844
2618,38.52818790558656,0.6635030613413457,0.33649693865865427
2619,40.82584187920561,0.7030715053370804,0.2969284946629196
2620,35.01516044168597,0.603004382229155,0.396995617770845
2621,33.923443956085876,0.5842036737170517,0.41579632628294827
2701,42.40113137064046,0.7301999392677693,0.26980006073223073
2702,36.449724433517844,0.6277093489564506,0.3722906510435494
2703,33.20978646500335,0.5719136088107345,0.4280863911892655
2704,42.01680088592443,0.7235812928419167,0.27641870715808325
2705,34.3501495899676,0.5915520726364587,0.4084479273635413
2706,33.49161339347527,0.5767670171845666,0.4232329828154334
2707,32.043761851682795,0.5518332224080985,0.4481667775919015
2708,29.767812716284134,0.5126385625789184,0.4873614374210816
2709,38.76209635408439,0.6675312542071049,0.3324687457928951
2710,34.44248874017841,0.5931422670415698,0.4068577329584302
2711,35.059012521230535,0.6037595692910356,0.3962404307089644
2712,37.990309700226476,0.6542401332026087,0.34575986679739135
2713,38.33586827789301,0.6601910794219418,0.3398089205780582
2714,37.51508191394173,0.646056122789062,0.353943877210938
2715,42.5997706411134,0.7336207532542558,0.2663792467457442
2716,36.79445131938126,0.6336459724139967,0.36635402758600333
2801,42.057651835253246,0.724284796728598,0.275715203271402
2802,38.64227297952238,0.6654677474562303,0.3345322525437697
2803,32.945071028501594,0.5673548814983151,0.43264511850168486
2804,32.41769153386469,0.5582727541468365,0.4417272458531635
2805,33.969800377946264,0.5850019886518877,0.4149980113481123
2806,34.20130686730298,0.5889888168096246,0.41101118319037544
2807,46.95235440973755,0.8085776306008808,0.19142236939911916
2808,31.819030910232534,0.5479630775677607,0.45203692243223925
2809,38.439229674792806,0.6619710905513411,0.33802890944865893
2810,41.21529880776381,0.7097784354681363,0.29022156453186365
2811,36.3965289048235,0.6267932561408512,0.37320674385914876
2812,34.98757587013598,0.6025293417804825,0.39747065821951755
2813,37.03286630975617,0.6377517735062013,0.36224822649379873
2814,31.17072347720009,0.5367984215096697,0.4632015784903303
2815,33.970307408077254,0.5850107203380217,0.4149892796619783
2816,36.354438843629936,0.6260684132148769,0.37393158678512306
2817,40.91969616436973,0.7046877922405548,0.2953122077594452
2818,36.2017077677965,0.6234381951359533,0.37656180486404667
2819,30.497908993567307,0.525211723721051,0.47478827627894904
2820,39.22150721247309,0.6754428775541805,0.32455712244581947
2821,58.067837438002954,1.0,0.0
2822,50.15031190929262,0.8636504151344777,0.1363495848655223
2823,32.47972876143623,0.5593411119557142,0.44065888804428577
2824,44.1584215169051,0.760462649638908,0.23953735036109203
2825,42.90745162016573,0.7389194003647295,0.2610805996352705
2826,33.98774437806661,0.5853110065335938,0.4146889934664062
2827,43.040683353077874,0.7412138156347038,0.2587861843652962
2828,40.032539160105436,0.6894098510702558,0.31059014892974424
2829,36.10056028840678,0.621696310405052,0.378303689594948
2830,37.38343577616798,0.6437890134290087,0.35621098657099126
2831,38.18217599266717,0.6575443081281092,0.34245569187189084
2832,43.69418647793126,0.7524679479338636,0.24753205206613638
2833,40.208728355083174,0.6924440469823361,0.3075559530176639
2834,38.7419064350753,0.6671835588235693,0.3328164411764307
2835,35.585423607638006,0.6128250194547257,0.3871749805452743
2836,42.29895699165189,0.7284403700553347,0.2715596299446653
2837,36.26541787934701,0.6245353620765774,0.37546463792342255
2839,36.13059833745617,0.6222136027716131,0.3777863972283869
2840,39.783673618877884,0.685124078563345,0.314875921436655
2841,33.59712849574648,0.578584117784944,0.421415882215056
2842,33.03253882475429,0.5688611851616139,0.4311388148383861
2843,33.116148674239604,0.5703010502086734,0.4296989497913266
2844,44.72798600782185,0.7702712548159967,0.22972874518400332
2845,36.04296489650072,0.6207044465016036,0.3792955534983964
2846,34.69481644392864,0.5974876622703765,0.40251233772962347
2847,33.37369886286493,0.5747363830880887,0.4252636169119113
2849,37.12872332275971,0.6394025498607689,0.36059745013923106
2850,36.71654857576783,0.632304390790665,0.367695609209335
2852,37.61146233438085,0.6477159128672103,0.3522840871327897
2853,37.40079106695192,0.6440878930076132,0.35591210699238685
2901,36.14071083789859,0.622387752540032,0.377612247459968
2902,35.00021428636554,0.6027469909437229,0.39725300905627714
2903,34.440434917847824,0.5931068976801263,0.40689310231987375
2904,39.491076358296,0.6800851917459346,0.3199148082540654
2905,38.60340987221456,0.664798476668433,0.33520152333156705
2906,34.27626830116565,0.5902797454401716,0.4097202545598284
2907,33.28440749583153,0.5731986752798941,0.4268013247201059
2908,39.31516269260123,0.6770557407889812,0.32294425921101877
2909,33.813647080519246,0.5823128356832803,0.4176871643167197
2910,31.889951461317825,0.549184417197655,0.450815582802345
2911,32.95001920116464,0.5674400951532637,0.43255990484673634
2912,33.34215611919458,0.5741931780186038,0.4258068219813962
2913,35.15293646568846,0.6053770558137291,0.39462294418627086
2914,37.458007385460135,0.6450732287981754,0.3549267712018246
2915,36.02975366587077,0.6204769327657244,0.37952306723427565
2916,36.361490946367745,0.626189859148615,0.373810140851385
2917,33.745128241666215,0.5811328565093324,0.41886714349066756
2918,37.526930592847336,0.646260171698551,0.353739828301449
2919,34.37571487340981,0.591992338445729,0.40800766155427104
2920,32.17924115771482,0.5541663436678091,0.44583365633219085
2921,32.71223756844952,0.5633452012635266,0.4366547987364734
2922,35.19048360823009,0.606023664060191,0.39397633593980896
2923,34.009727385419374,0.5856895811167481,0.41431041888325193
2924,32.555113992278905,0.5606393388945625,0.4393606611054375
2925,33.27104933566806,0.572968631235672,0.427031368764328
2926,34.452621515735096,0.59331676597254,0.40668323402746
2927,36.2562814888304,0.6243780221286869,0.37562197787131313
2928,33.11806926957521,0.5703341252364399,0.4296658747635601
2929,31.605693729538245,0.5442891473835678,0.4557108526164322
2930,35.71661258157039,0.6150842558878449,0.3849157441121551
2931,35.40395618184387,0.6096999258779606,0.3903000741220394
2932,39.59122709161241,0.6818099112763173,0.3181900887236827
2933,32.52152127748805,0.5600608307862363,0.43993916921376375
2934,32.227822949228845,0.5550029822212235,0.44499701777877654
2935,31.86950644551483,0.5488323287317323,0.45116767126826773
2936,33.64897743863657,0.5794770207270493,0.4205229792729507
2937,31.730833774339654,0.5464442137735469,0.4535557862264531
2938,37.59779108451394,0.6474804770309524,0.35251952296904765
2939,36.45831040191595,0.6278572099544992,0.37214279004550077
2940,35.25657961181093,0.6071619190133122,0.3928380809866878
2941,32.548185548605474,0.5605200225228993,0.43947997747710066
2942,37.88112820861582,0.6523598928418887,0.34764010715811133
3001,34.7021785715027,0.5976144472153458,0.40238555278465415
3002,32.13137060108545,0.5533419534590214,0.4466580465409786
3003,34.88062211047836,0.600687465720059,0.39931253427994096
3004,31.337873340372838,0.5396769489449511,0.4603230510550489
3005,35.066066874890865,0.6038810539884443,0.39611894601155573
3006,36.158445037210704,0.6226931573922628,0.37730684260773717
3101,35.64467211563987,0.613845352062516,0.386154647937484
3102,34.98194301117576,0.6024323369804289,0.39756766301957114
3103,36.04926599954998,0.6208129592915966,0.37918704070840337
3104,30.50409951044497,0.525318332080356,0.47468166791964395
3105,37.25222718687122,0.6415294391950475,0.35847056080495254
3201,42.49934652743601,0.7318913257758413,0.26810867422415874
3202,44.844336859477075,0.7722749604263435,0.22772503957365653
3203,35.82511652124784,0.6169528279660336,0.38304717203396643
3204,36.56834956120386,0.6297522204136953,0.3702477795863047
3205,41.652639657200396,0.7173099859568818,0.2826900140431182
3206,33.39642050014012,0.575127677792312,0.424872322207688
3207,35.26600985599669,0.6073243194849302,0.39267568051506985
3208,34.33507126260383,0.5912924051849221,0.4087075948150779
3209,37.00751660668796,0.6373152202576791,0.36268477974232094
3210,33.51205731567702,0.5771190868173229,0.42288091318267707
3211,36.08131767009773,0.6213649287115354,0.37863507128846463
3212,34.536062924213354,0.5947537302570692,0.40524626974293076
3213,36.15311531383455,0.6226013729619946,0.3773986270380054
3214,33.72197101771897,0.5807340604637251,0.4192659395362749
3215,36.75884659931508,0.6330328150856529,0.3669671849143471
3301,43.05299228595942,0.7414257906870672,0.25857420931293285
3302,48.30991027569758,0.831956422129142,0.168043577870858
3303,34.809792919443204,0.5994676994232553,0.4005323005767447
3304,34.28646305921462,0.5904553117863414,0.40954468821365864
3305,35.45509187894557,0.6105805458451894,0.3894194541548106
3306,36.40356028069971,0.6269143451323901,0.3730856548676099
3307,35.30849519022904,0.6080559695016491,0.3919440304983509
3401,40.33403309429795,0.694601949613867,0.305398050386133
3402,38.147966347488634,0.6569551757152643,0.3430448242847357
3403,32.70019182897359,0.5631377587272208,0.4368622412727792
3404,31.781931796874627,0.5473241849381271,0.45267581506187293
3405,40.437880729030475,0.6963903343603008,0.30360966563969916
3406,36.017990815315684,0.6202743619266149,0.3797256380733851
3407,34.34220602470053,0.5914152746150833,0.40858472538491675
3501,32.26572111380591,0.5556556355014067,0.44434436449859327
3502,33.178414861915215,0.571373350993804,0.42862664900619596
3503,40.776570510210384,0.7022229914063208,0.29777700859367917
3504,33.63809039824056,0.5792895324223981,0.4207104675776019
3505,33.490808334503996,0.5767531530730929,0.42324684692690706
3506,35.350775199556956,0.6087840835694935,0.39121591643050646
3507,31.117992312126283,0.5358903256101091,0.4641096743898909
3601,34.32724232292834,0.5911575811580441,0.40884241884195593
3602,42.80964359144177,0.7372350251057337,0.2627649748942663
3603,36.200741586239864,0.623421556294225,0.376578443705775
3604,35.91104346577195,0.6184325962562829,0.3815674037437171
3605,40.68930237293145,0.7007201261175608,0.29927987388243915
3606,33.72859639578183,0.580848157670633,0.419151842329367
3701,32.44658809493457,0.558770388678185,0.44122961132181504
3702,33.92057877621976,0.5841543317750658,0.4158456682249342
3703,30.04837861013575,0.5174702543764846,0.48252974562351536
3704,33.704593463730035,0.5804347974851876,0.41956520251481244
3705,37.246495573022486,0.6414307337136379,0.3585692662863621
3706,35.429261806997644,0.6101357200502646,0.3898642799497354
3707,32.97392352383424,0.567851757163152,0.43214824283684805
3801,34.6789970114501,0.5972152320718966,0.40278476792810336
3802,37.945107945142254,0.653461703058168,0.346538296941832
3803,30.21879897226893,0.5204051038500015,0.4795948961499985
3804,32.63615356699847,0.5620349406303098,0.4379650593696902
3805,38.699531187545624,0.6664538046360654,0.3335461953639346
3806,36.62064888996291,0.6306528795576644,0.36934712044233564
3807,30.36705541177858,0.5229582631555798,0.4770417368444202
3808,39.7885737589325,0.6852084650373522,0.3147915349626478
3809,35.9195909586355,0.618579794658026,0.38142020534197396
3810,32.749779468939046,0.5639917192353662,0.4360082807646338
3811,32.413695098498216,0.5582039305855881,0.44179606941441185
3812,35.83313221805181,0.6170908681817128,0.38290913181828723
3813,33.13626568664912,0.570647490050367,0.42935250994963303
3814,35.56056864609723,0.6123969862673814,0.38760301373261863
3815,35.50331380677272,0.611410987100706,0.38858901289929404
3816,31.70202847249547,0.5459481508389673,0.4540518491610327
3817,35.906446451196736,0.6183534299780463,0.3816465700219537
3818,33.764032990539626,0.5814584196731681,0.41854158032683186
3819,33.86945635765628,0.5832739404806928,0.4167260595193072
3820,32.330783453724656,0.5567760894874573,0.44322391051254273
3821,37.165470232932066,0.640035377115815,0.35996462288418496
3822,33.078335115071326,0.5696498539382999,0.4303501460617001
3823,39.325934977928455,0.6772412528693773,0.3227587471306227
3824,47.59600770504982,0.8196621366495085,0.1803378633504915
3825,43.952426803314566,0.7569151658220623,0.2430848341779377
3826,35.18756075166827,0.6059733288541498,0.3940266711458502
3827,35.39527223244112,0.6095503775257938,0.3904496224742062
3901,37.09971426693476,0.638902978030564,0.36109702196943605
3902,34.14586752011658,0.5880340826636252,0.4119659173363748
3903,35.4156952974601,0.6099020879720589,0.3900979120279411
3904,36.52260410637877,0.6289644270870722,0.37103557291292777
3905,34.927557421954006,0.60149574985025,0.39850425014975
3906,35.88571279148355,0.6179963707068908,0.38200362929310916
3907,33.82798479426972,0.582559748852137,0.417440251147863
3908,31.657142827716964,0.5451751645050708,0.45482483549492925
3909,31.05100410951126,0.5347367058858247,0.46526329411417533
3910,33.14766666421323,0.5708438289888764,0.4291561710111236
3911,32.90614990808446,0.5666846116530038,0.43331538834699623
3912,34.489323816165815,0.5939488249926457,0.4060511750073543
3913,32.38524156033959,0.5577139254568625,0.4422860745431375
3914,31.625945589881457,0.5446379094735084,0.45536209052649157
3915,36.78531365944321,0.6334886106050984,0.3665113893949016
3916,33.38740672891839,0.5749724495003794,0.4250275504996206
3917,40.41384268403142,0.6959763694864631,0.30402363051353687
3918,33.2433808564636,0.5724921457933821,0.42750785420661785
3919,33.67358929514323,0.5799008673449458,0.42009913265505416
3920,35.552198997434495,0.6122528505627984,0.38774714943720157
3921,34.7575723494918,0.5985683966033912,0.40143160339660877
3922,33.037675079970555,0.5689496378308173,0.4310503621691827
3923,37.39068874521645,0.6439139185291206,0.3560860814708794
3924,39.57270584967794,0.6814909525764303,0.31850904742356967
3925,32.998564462571316,0.5682761046130357,0.4317238953869643
3926,34.25358245024717,0.5898890670212844,0.4101109329787156
4001,37.874021345791036,0.6522375038717059,0.34776249612829413
4002,35.287801831955726,0.6076996042711477,0.39230039572885234
4003,34.04799234698922,0.5863485510949343,0.41365144890506567
4004,33.095403616385454,0.5699437946474292,0.43005620535257083
4005,33.454992838616576,0.5761363659243437,0.4238636340756563
4006,32.57999050465716,0.5610677432139901,0.4389322567860099
4007,37.51188940818285,0.6460011438902477,0.35399885610975235
4008,32.299789760785956,0.556242339750836,0.44375766024916397
4009,34.813077187043866,0.5995242585745095,0.4004757414254905
4010,35.41667092124903,0.6099188894207089,0.39008111057929107
4011,35.26655485845915,0.60733370510159,0.39266629489841
4012,38.28692027696251,0.6593481342893155,0.3406518657106845
4013,36.341991274808045,0.6258540506801058,0.3741459493198942
4014,33.53589817902937,0.5775296559792588,0.42247034402074124
4015,39.2152590573813,0.6753352765935204,0.32466472340647956
4016,34.92998079546263,0.601537483340174,0.398462516659826
4017,46.38675669114762,0.7988373381507995,0.2011626618492005
4101,36.206868800049115,0.6235270744963759,0.3764729255036241
4102,36.64228615876984,0.6310255000953249,0.3689744999046751
4103,43.9497635261509,0.756869300894399,0.24313069910560103
4104,40.697569394576966,0.700862494457941,0.299137505542059
4105,36.57521486084144,0.6298704493669417,0.3701295506330583
4106,38.412005780332514,0.6615022614083691,0.3384977385916309
4107,38.447276543635766,0.6621096675880966,0.33789033241190336
4112,35.13654341040774,0.6050947471209313,0.39490525287906875
4113,36.49840662732216,0.6285477165615176,0.37145228343848236
4114,35.30002799153351,0.6079101538648162,0.39208984613518383
4115,38.01447502707705,0.6546562900273978,0.3453437099726022
4201,36.243475425622876,0.6241574858770795,0.37584251412292047
4202,34.49350402036245,0.5940208132805013,0.40597918671949873
4203,33.18925326514099,0.5715600017062117,0.4284399982937883
4205,35.39202884073851,0.6094945223080741,0.3905054776919259
4206,42.35459575440384,0.7293985383840821,0.2706014616159179
4301,30.621246187235464,0.5273357427840967,0.4726642572159033
4302,36.815072719980904,0.6340010984443342,0.36599890155566583
4303,35.571465555956685,0.6125846445364032,0.38741535546359684
4304,31.65900138294413,0.5452071711254163,0.4547928288745837
4401,36.0678168891915,0.6211324285616779,0.37886757143832206
4402,45.75493293028215,0.7879565513203954,0.21204344867960456
4403,37.71763643015035,0.6495443621509098,0.3504556378490902
4404,33.33468628734956,0.5740645382728411,0.4259354617271589
4405,30.056514418161207,0.517610363055995,0.48238963694400505
4406,35.00146474656333,0.6027685254153505,0.39723147458464947
4407,37.68320354684028,0.6489513853012582,0.3510486146987418
4408,36.66880706489205,0.6314822229094046,0.3685177770905954
4409,36.7636131963501,0.6331149017836484,0.3668850982163516
4410,34.48925932516035,0.5939477143777457,0.40605228562225426
4411,35.23255725209112,0.6067482242593882,0.39325177574061176
4412,36.35459109754442,0.6260710352156471,0.3739289647843529
4413,32.46157275203694,0.5590284430119351,0.4409715569880649
4414,33.23967468849567,0.5724283209958444,0.4275716790041556
4415,33.44308381509883,0.5759312778059776,0.42406872219402236
4416,37.14170053047913,0.6396260334326046,0.3603739665673954
4417,38.25008859683677,0.6587138471907978,0.34128615280920216
4418,33.1589626497855,0.5710383598353941,0.4289616401646059
4419,34.6769038819666,0.5971791857926507,0.4028208142073493
4420,36.19353967390814,0.623297530453941,0.376702469546059
4421,33.274251670848074,0.573023779409279,0.42697622059072105
4501,34.88059319407871,0.6006869677438829,0.39931303225611714
4502,36.032442634019745,0.6205232401239387,0.37947675987606133
4503,34.80587804568381,0.5994002804537858,0.4005997195462142
4504,35.409570392780495,0.6097966095359774,0.39020339046402264
4601,36.21149552835303,0.6236067524817815,0.37639324751821845
4602,39.85187150321566,0.6862985305034675,0.31370146949653255
4701,30.14526569281545,0.5191387698052389,0.4808612301947611
4702,40.71095155502049,0.701092951816678,0.29890704818332203
4703,38.70815008659338,0.6666022327406415,0.33339776725935855
4704,32.047347982577946,0.5518949800187376,0.4481050199812624
4705,34.70363075565112,0.5976394556229686,0.4023605443770314
4706,37.81010293118063,0.6511367496946857,0.3488632503053143
4707,36.10813201716467,0.6218267049417173,0.3781732950582827
4801,30.543205461224918,0.5259917849331802,0.4740082150668198
4802,32.86972541876913,0.5660573368840025,0.4339426631159975
4803,34.339136929842724,0.5913624210046645,0.4086375789953355
4804,34.77660685250869,0.5988961942941045,0.40110380570589554
4805,35.904260883638514,0.6183157918007928,0.38168420819920723
4806,29.18384966904356,0.5025819964485876,0.4974180035514124
4807,31.90092931066316,0.549373469344759,0.45062653065524105
4808,36.14708497209572,0.6224975230167428,0.37750247698325723
4809,35.815841816024204,0.6167931060677704,0.3832068939322296
4810,30.100443062984148,0.5183668686666929,0.4816331313333071
4811,33.59702891277281,0.578582402842937,0.42141759715706295
4812,30.426376189099035,0.5239798403304452,0.4760201596695548
4813,34.586611135595305,0.595624232993389,0.40437576700661104
4814,31.05444830526274,0.5347960191976929,0.46520398080230707
4816,37.53636166468717,0.6464225864233959,0.3535774135766041
4817,33.9673897042531,0.5849604738684977,0.4150395261315023
4818,38.01362673448604,0.6546416813795053,0.3453583186204947
4819,38.76006916220685,0.667496343455009,0.33250365654499103
4820,37.547416547899765,0.6466129651889975,0.35338703481100253
4821,36.089999069913986,0.6215144331566687,0.37848556684333134
4822,34.511605062740806,0.594332535624177,0.405667464375823
4823,37.17539052899971,0.6402062168871125,0.35979378311288746
4901,33.92415630068883,0.5842159411724002,0.41578405882759983
4902,33.246050723176786,0.5725381242012406,0.4274618757987594
4903,35.85046985730852,0.6173894437791805,0.3826105562208195
4904,32.954040456646375,0.5675093461476033,0.4324906538523967
4905,36.02034584878158,0.6203149185164554,0.37968508148354463
4906,36.46008855707515,0.6278878319862066,0.37211216801379343
4907,35.27316477932681,0.6074475361164735,0.3925524638835265
4908,40.90705854330851,0.7044701567710968,0.2955298432289032
4909,37.62356816822041,0.6479243903028041,0.35207560969719587
4910,34.16724476369366,0.5884022252451343,0.4115977747548657
4911,32.61640201684826,0.5616947945008574,0.43830520549914265
5001,34.316645878705266,0.5909750972790054,0.40902490272099457
5002,35.325026738389,0.6083406632131655,0.3916593367868345
5003,34.87365252909083,0.6005674409060651,0.39943255909393494
5004,36.755268204239194,0.6329711906953921,0.3670288093046079
5005,36.85691950525903,0.6347217518580729,0.3652782481419271
5006,31.714282518131004,0.5461591806650499,0.45384081933495013
5007,35.766318960403424,0.6159402612261892,0.38405973877381083
5101,43.734816439032485,0.7531676461298675,0.24683235387013247
5102,35.652845184334446,0.613986102416846,0.38601389758315396
5103,38.04900136471238,0.6552508762761485,0.34474912372385147
5104,34.492192567453216,0.5939982284389246,0.4060017715610754
5105,39.2623457302497,0.676146167354153,0.323853832645847
5106,36.69780226030856,0.6319815560462287,0.36801844395377126
5107,35.77599262679855,0.6161068537294049,0.3838931462705951
5108,40.34720800341455,0.6948288378483508,0.3051711621516492
5109,35.904568005047466,0.6183210808114138,0.3816789191885862
5110,28.825010907183493,0.4964023490277035,0.5035976509722965
5111,33.91982952385735,0.5841414287224386,0.41585857127756143
5112,33.80592416186488,0.5821798374695512,0.41782016253044885
5113,37.119915538275215,0.6392508689152904,0.36074913108470963
5201,40.796594399915456,0.7025678275598362,0.29743217244016384
5202,37.11395413246281,0.6391482061319764,0.3608517938680236
5203,39.958352573972775,0.6881322662762316,0.3118677337237684
5204,39.72459748913581,0.6841067145224481,0.3158932854775519
5205,34.43470946084786,0.5930082982272695,0.4069917017727305
5206,40.8051120886516,0.7027145126976327,0.29728548730236726
5207,43.437055715837296,0.7480398380982167,0.2519601619017833
5208,33.24129459088532,0.5724562177190757,0.42754378228092427
5209,32.14278929142189,0.5535385974333838,0.44646140256661615
5210,33.06925012511933,0.5694933991717229,0.4305066008282771
5211,34.06189509477892,0.5865879736118232,0.41341202638817676
5212,32.057446704033076,0.5520688924959487,0.4479311075040513
5301,29.50682701646649,0.5081440659464875,0.49185593405351247
5302,34.127479298614745,0.587717414740156,0.41228258525984396
5303,35.50863319221248,0.6115025934989198,0.3884974065010802
5305,40.19039156169087,0.692128264714538,0.30787173528546197
5306,41.875824634812425,0.7211535073873176,0.27884649261268235
5307,32.46668025429443,0.5591164005196163,0.4408835994803837
5308,40.79568132202497,0.7025521032289367,0.2974478967710633
5309,29.0743635633626,0.50069651025672,0.49930348974328
5310,32.84278653002803,0.5655934158921132,0.4344065841078868
5311,40.708062984362606,0.7010432070563195,0.2989567929436805
5401,40.922252718827,0.7047318192711808,0.2952681807288192
5402,36.31839255235659,0.6254476514840509,0.3745523485159491
5403,35.510537912740574,0.6115353951428614,0.38846460485713863
5404,35.20421597234186,0.6062601523593538,0.3937398476406462
5405,34.755394280002925,0.5985308875521681,0.4014691124478319
5406,34.36029721250654,0.5917268272508315,0.4082731727491685
5407,34.4308682631689,0.5929421480510543,0.4070578519489457
5408,35.231439447656115,0.6067289742841124,0.39327102571588757
5501,33.776390176352464,0.5816712257007051,0.41832877429929494
5502,35.262757687627236,0.6072683131221492,0.39273168687785076
5503,34.39328403095449,0.5922949010745411,0.4077050989254589
5504,34.55151907353433,0.5950199042701358,0.40498009572986415
5505,37.56002887343394,0.6468301650381849,0.3531698349618151
5506,39.23500572472486,0.6756753386350014,0.3243246613649986
5507,32.99241269288839,0.5681701635283604,0.43182983647163964
5508,29.629835579506274,0.5102624255835433,0.4897375744164567
5509,38.179541303649856,0.6574989355236941,0.3425010644763059
5510,34.25922175396055,0.5899861828079607,0.41001381719203933
5511,39.92666171915154,0.6875865105494908,0.3124134894505092
5512,33.51622885681929,0.5771909259166647,0.42280907408333535
5513,33.661477365310475,0.5796922849288073,0.4203077150711927
5514,37.56271174560227,0.6468763674160708,0.3531236325839292
5515,36.16383531217756,0.622785984595835,0.377214015404165
5516,37.37090304281529,0.6435731842556549,0.3564268157443451
5601,35.90625746032591,0.6183501753214384,0.38164982467856157
5602,33.5688359555212,0.5780968852398112,0.4219031147601888
5603,33.954857471047326,0.5847446533082925,0.4152553466917075
5604,34.26689607229446,0.590118344064045,0.40988165593595505
5605,36.3536953712927,0.6260556097014341,0.37394439029856585
5606,35.57700623020694,0.6126800618017039,0.38731993819829613
5607,38.11167330629062,0.6563301646454658,0.3436698353545342
5608,35.969505982378635,0.6194393931198496,0.38056060688015036
5609,36.675992814796004,0.6316059704126868,0.36839402958731315
5701,36.13448212966216,0.62228048647828,0.37771951352171995
5702,35.10819825211705,0.6046066084276149,0.39539339157238507
5703,33.9561955764497,0.5847676971387745,0.4152323028612255
5704,32.00312748272059,0.5511334483032753,0.44886655169672474
5705,39.72215130206061,0.6840645881546836,0.31593541184531637
5801,37.17612116927128,0.6402187994165093,0.3597812005834907
5802,34.838355584033806,0.5999595838441466,0.4000404161558534
5803,33.7818515033723,0.5817652765085325,0.4182347234914675
5804,38.87838259535299,0.6695338471466603,0.3304661528533397
5805,36.936855774513376,0.6360983533087416,0.36390164669125835
5806,39.59592124487947,0.6818907504030037,0.31810924959699627
5807,41.342067354047145,0.7119615466683542,0.2880384533316458
5808,41.62037751792478,0.7167543920050654,0.2832456079949346
5809,34.672108682041504,0.5970966065175017,0.40290339348249826
5810,36.323752475337656,0.6255399559888775,0.37446004401112254
5811,34.4267550325766,0.5928713131315226,0.40712868686847736
5901,38.845934447021335,0.6689750498887755,0.33102495011122446
5902,34.0282677971017,0.5860088699434092,0.41399113005659083
5903,35.441931246496345,0.6103539034725805,0.38964609652741955
5904,30.658070712719333,0.5279699066708298,0.47203009332917023
5905,32.10339708905945,0.5528602149741696,0.4471397850258304
5906,33.85870395863774,0.5830887708671348,0.41691122913286516
5907,34.400880944021715,0.5924257293161702,0.4075742706838298
5908,39.79100055819424,0.6852502575229831,0.3147497424770169
5909,33.44856360725546,0.5760256466063051,0.42397435339369494
5910,32.4550753878244,0.5589165503619035,0.44108344963809654
5911,36.57966185155987,0.6299470320487607,0.3700529679512393
6001,37.84726017007837,0.6517766433180261,0.3482233566819739
6002,33.85141543134946,0.5829632534101422,0.4170367465898578
6003,36.96854231400477,0.6366440347201636,0.3633559652798364
6004,32.82865425555386,0.5653500406417561,0.4346499593582439
6005,33.643436907927764,0.5793816059337101,0.42061839406628987
6006,42.38205396602371,0.7298714027584303,0.2701285972415697
6101,38.857988267083634,0.6691826315827756,0.3308173684172244
6102,35.86427446272389,0.6176271761629655,0.3823728238370345
6103,38.4849862045838,0.6627590746025784,0.33724092539742156
6104,39.049290546539495,0.672477093506902,0.327522906493098
6105,40.56722611559269,0.6986178219380897,0.30138217806191026
6106,40.23724189107958,0.6929350853480553,0.30706491465194474
6107,38.65080094393249,0.6656146095538451,0.3343853904461549
6108,36.80168612078992,0.6337705646448746,0.3662294353551254
6109,41.22021582132608,0.7098631125248206,0.2901368874751794
6110,39.83423010612355,0.6859947238202765,0.3140052761797235
6111,35.36504829960418,0.6090298840104428,0.3909701159895572
6112,35.21122450466193,0.6063808479565947,0.39361915204340525
6113,34.33366873793534,0.5912682519749806,0.40873174802501944
6114,37.079407707883135,0.6385532739611932,0.3614467260388068
6115,37.12481115102412,0.6393351774234921,0.3606648225765079
6116,36.8782654307128,0.6350893551027531,0.3649106448972469
6117,35.61201891982239,0.6132830236332484,0.3867169763667516
6201,34.12173926020536,0.5876185641773894,0.41238143582261055
6202,33.75896628605284,0.5813711647535718,0.41862883524642824
6203,37.379416110774976,0.6437197898179642,0.3562802101820358
6204,36.64092033619042,0.6310019789407635,0.3689980210592365
6205,38.26042848684042,0.6588919128887789,0.3411080871112211
6206,36.95889593249143,0.636477912096368,0.36352208790363205
6207,41.479513920965,0.7143285465943391,0.2856714534056609
6208,36.55356833055885,0.6294976693352125,0.37050233066478755
6209,35.98610687815348,0.6197252810830887,0.38027471891691134
6210,35.98778590314854,0.6197541959707294,0.38024580402927055
6211,36.650968244346686,0.6311750163501039,0.36882498364989613
6212,38.363203091582804,0.6606618187312707,0.3393381812687293
6213,38.818145581485616,0.668496491244924,0.33150350875507595
6214,39.35344823876974,0.6777150652594229,0.32228493474057707
6215,35.203282599150256,0.6062440785182606,0.39375592148173943
6216,33.75283770571646,0.5812656230181331,0.4187343769818669
6217,39.78506712841418,0.685148076521557,0.31485192347844304
6301,39.584622696842096,0.6816961754276667,0.3183038245723333
6302,32.010740813800226,0.5512645592833899,0.4487354407166101
6303,34.91243097502799,0.6012352537203197,0.3987647462796803
6304,40.62178211540212,0.6995573437494139,0.3004426562505861
6305,41.152960249108155,0.7087048883651946,0.29129511163480537
6306,34.09774452341717,0.587205345124522,0.41279465487547795
6307,35.103116311680395,0.6045190911261125,0.39548090887388754
6308,30.170564011652505,0.5195744381537298,0.48042556184627017
6309,35.40004023481597,0.6096324884254797,0.3903675115745203
6310,39.57115103349832,0.6814641767182579,0.3185358232817421
6401,37.579103337828336,0.6471586509132574,0.3528413490867426
6402,34.324411084925785,0.5911088237369402,0.4088911762630598
6403,34.07670179773752,0.5868429633550595,0.4131570366449405
6404,35.051114186507064,0.6036235501955785,0.39637644980442155
6405,36.05507590804994,0.6209130131037636,0.37908698689623643
6406,34.37091547426316,0.5919096868547896,0.4080903131452104
6501,41.49469556592702,0.7145899933027381,0.2854100066972619
6502,44.38663287772473,0.7643927316066286,0.23560726839337143
6504,39.44234956244933,0.6792460560385184,0.3207539439614816
6505,35.95728537443859,0.6192289391322512,0.3807710608677488
6506,34.87760919644654,0.6006355796129687,0.39936442038703135
6507,32.88774913361381,0.5663677275518816,0.4336322724481184
6601,34.29840219147605,0.5906609184145231,0.40933908158547694
6602,32.27264187159244,0.5557748195125889,0.4442251804874111
6603,33.53054367678616,0.5774374448262444,0.4225625551737556
6701,48.301058520279085,0.8318039839497807,0.16819601605021928
6702,40.97549920807475,0.7056487896905562,0.2943512103094438
6703,34.64614958852652,0.5966495588115716,0.40335044118842844
6704,41.31425870266855,0.7114826472878102,0.2885173527121898
6801,33.82703823245978,0.5825434478867195,0.4174565521132805
6802,35.53333292455688,0.6119279534474589,0.38807204655254113
6803,37.113399612856796,0.6391386566183304,0.36086134338166964
6804,33.010593597796316,0.5684832612035983,0.43151673879640173
6805,32.15000816428313,0.553662915354969,0.44633708464503097
6806,30.342992664742944,0.5225438728821117,0.4774561271178883
6807,32.1882605850288,0.554321669364648,0.445678330635352
6808,31.250031356033716,0.5381642012998729,0.46183579870012714
6809,36.33711517432845,0.6257700781973213,0.37422992180267867
6810,34.56687806649537,0.5952844051304863,0.4047155948695137
6811,38.20808496655793,0.6579904927121041,0.3420095072878959
6812,38.18755070760216,0.6576368673686824,0.34236313263131757
6813,38.73506809125485,0.6670657940828425,0.3329342059171575
6814,31.243216943143842,0.5380468486793771,0.46195315132062287
6815,34.13292384248654,0.5878111765214108,0.4121888234785892
6901,38.57041973671882,0.6642303457210567,0.33576965427894334
6902,33.114559351051355,0.5702736800971215,0.42972631990287846
6903,34.06374582456826,0.5866198454684481,0.41338015453155186
6904,34.22587193231666,0.5894118576201232,0.41058814237987684
6905,34.24314730191613,0.5897093608570557,0.4102906391429443
6906,30.20929473698861,0.5202414291601963,0.47975857083980367
6907,37.841393448918765,0.6516756111215736,0.3483243888784264
6909,33.461280706384855,0.5762446507864241,0.42375534921357594
6910,38.70886344360406,0.6666145176309035,0.3333854823690965
6911,35.37098931772991,0.6091321956925692,0.39086780430743084
6912,35.07617712769321,0.6040551650497203,0.39594483495027966
6913,35.69922827295671,0.6147848765863126,0.38521512341368735
6914,34.81531387724485,0.5995627771469183,0.4004372228530817
7001,38.685424561047924,0.6662108710755937,0.33378912892440626
7002,34.46530552411073,0.5935352002889407,0.4064647997110593
7003,34.27158491401681,0.5901990917193604,0.40980090828063964
7004,35.26339013718217,0.6072792046859277,0.39272079531407234
7005,32.11790203461539,0.5531100080816094,0.4468899919183906
7006,35.275143023667276,0.6074816039314249,0.3925183960685751
7007,34.29373995874279,0.5905806289989195,0.4094193710010805
7008,32.96713424423063,0.5677348373689396,0.4322651626310604
7009,33.26383316584196,0.572844359863696,0.427155640136304
7010,35.73637821539774,0.6154246445556415,0.3845753554443585
7011,30.2437665172227,0.5208350758630014,0.4791649241369986
7013,34.75434179085027,0.5985127623868599,0.4014872376131401
7014,36.13391204410859,0.6222706688997595,0.37772933110024054
7015,35.873791668764085,0.6177910742253026,0.38220892577469745
7016,33.152150359637275,0.5709210437711357,0.42907895622886427
7017,37.15930160236055,0.6399291456657787,0.36007085433422126
7018,32.04260714076046,0.5518133368574515,0.4481866631425485
7019,31.7852444828556,0.5473812334890483,0.4526187665109517
7020,35.349964889077334,0.6087701290205492,0.39122987097945083
7101,35.072796482402694,0.6039969461554121,0.3960030538445879
7102,46.632706876754774,0.80307290462716,0.19692709537284003
7103,40.2255106667296,0.6927330591513245,0.30726694084867545
7104,35.83935817112219,0.6171980867960969,0.3828019132039031
7105,34.098416712447474,0.5872169210512306,0.4127830789487694
7106,36.67846798653,0.6316485959321345,0.3683514040678655
7107,33.54062841921348,0.5776111165673022,0.42238888343269776
7108,39.25858839803645,0.6760814614450126,0.3239185385549874
7109,34.19477892035863,0.5888763974871154,0.4111236025128846
7110,52.21313543598341,0.89917478831082,0.10082521168918002
7111,41.968220022689756,0.7227446702746213,0.2772553297253787
7112,38.38718681980947,0.6610748482030894,0.33892515179691063
7113,34.4287135415509,0.5929050410790527,0.40709495892094727
7114,35.191029054812255,0.6060330573251417,0.3939669426748583
7115,38.35070880091375,0.6604466515884889,0.3395533484115111
7116,37.875144728957245,0.6522568499196348,0.34774315008036516
7117,37.4103959235357,0.6442533005207488,0.3557466994792512
7118,35.33985945831022,0.6085961010006853,0.3914038989993147
7201,37.00275201233105,0.6372331680482785,0.36276683195172155
7202,38.26981275825426,0.6590535216523886,0.3409464783476114
7203,34.11163751575951,0.5874445996405384,0.4125554003594616
7204,36.296815085562834,0.625076060811042,0.37492393918895806
7205,30.93287807040903,0.5327024293514462,0.4672975706485538
7206,37.81489200851579,0.6512192235312614,0.3487807764687386
7207,35.36353863169574,0.6090038856613557,0.39099611433864434
7208,32.73443708656835,0.5637275044299315,0.43627249557006853
7209,32.73308971346366,0.56370430099815,0.43629569900184995
7210,35.57637622099615,0.6126692122636707,0.38733078773632934
7211,31.282785221043454,0.5387282633771753,0.4612717366228247
7212,33.20987762704999,0.5719151787339599,0.4280848212660401
7213,32.08890759687539,0.552610687992912,0.447389312007088
7214,35.76974777810503,0.6159993097090135,0.3840006902909865
7215,37.18079861753095,0.6402993508623016,0.3597006491376984
7216,34.913031646164626,0.6012455980204201,0.3987544019795799
7217,32.415710712718464,0.558238641956102,0.44176135804389804
7218,37.42004010322268,0.6444193852263704,0.35558061477362957
7219,32.4289141660587,0.5584660217574307,0.44153397824256935
7220,32.80271432835501,0.5649033230035017,0.43509667699649834
7221,32.53366970744125,0.5602700417796054,0.4397299582203946
7222,32.41289259638547,0.5581901105063816,0.44180988949361844
7223,33.26955140922364,0.5729428350891215,0.42705716491087853
7224,35.727608844787234,0.6152736251445972,0.38472637485540284
7225,30.722958115303722,0.5290873480195568,0.4709126519804432
7226,30.59577112021692,0.5268970306132543,0.4731029693867457
7227,34.28692299280367,0.5904632324117571,0.40953676758824287
7228,33.054787828608866,0.5692443405336101,0.43075565946638994
7229,33.08002148457479,0.5696788953074617,0.43032110469253826
7301,33.06061686033617,0.5693447236714103,0.4306552763285897
7302,32.096942605043076,0.5527490607741659,0.44725093922583414
7303,34.26308028683845,0.590052631517748,0.409947368482252
7304,32.440677358581446,0.5586685984856462,0.4413314015143538
7305,35.12432233833088,0.6048842851403226,0.39511571485967745
7306,37.02051971979745,0.637539149952381,0.36246085004761897
7307,34.18659781838586,0.5887355087897965,0.4112644912102035
7308,33.32879285427411,0.5739630460641508,0.42603695393584917
7309,34.26836831673131,0.5901436979346524,0.4098563020653476
7310,35.686160236151466,0.6145598288252487,0.38544017117475127
7311,38.50462216266365,0.6630972300935732,0.33690276990642676
7312,33.316313962710375,0.5737481441130138,0.4262518558869862
7313,43.166803935549005,0.7433857680964394,0.2566142319035606
7314,33.90283271400745,0.5838487226290173,0.4161512773709827
7315,32.51253866504338,0.5599061390869929,0.44009386091300706
7316,34.67134573968646,0.5970834677062646,0.40291653229373536
7317,37.093118733081425,0.6387893947778661,0.3612106052221339
7318,33.2406034252271,0.5724443149913574,0.4275556850086426
7319,35.36354602251807,0.6090040129404599,0.3909959870595401
7320,34.141327175897125,0.5879558923190252,0.41204410768097477
7321,35.91804294023745,0.6185531358660621,0.3814468641339379
7322,34.83829573089587,0.5999585530990633,0.4000414469009367
7323,37.76176824103403,0.6503043665325229,0.3496956334674771
7324,34.77615341832304,0.5988883855964561,0.4011116144035439
7325,34.203491118428175,0.5890264323162727,0.4109735676837273
7326,32.890903143320564,0.5664220435010526,0.43357795649894737
7401,34.28210185139429,0.5903802063921549,0.40961979360784506
7402,50.71370390934266,0.8733527223824712,0.1266472776175288
7403,44.34194836760259,0.7636232090603507,0.23637679093964925
7404,38.3187465102772,0.6598962214011985,0.3401037785988015
7405,42.19416843764245,0.726635781514883,0.27336421848511705
7406,39.757326890722894,0.6846703553093472,0.31532964469065283
7407,35.97389952217626,0.619515055310685,0.38048494468931504
7408,37.207349779924854,0.6407565947268119,0.3592434052731881
7409,35.971676409365564,0.6194767705577342,0.3805232294422658
7410,33.822126961323235,0.5824588697217107,0.4175411302782893
7411,36.0901470420535,0.6215169814199766,0.3784830185800234
7412,34.247498478497214,0.5897842935008919,0.4102157064991081
7413,38.232696905870355,0.6584143407560183,0.34158565924398165
7415,32.77891358025069,0.5644934446757659,0.4355065553242341
7418,34.79362175342255,0.5991892119380287,0.40081078806197135
7419,33.77375959660328,0.5816259238629709,0.41837407613702915
7501,35.89535484675846,0.6181624188275084,0.38183758117249156
7502,40.51539666754076,0.6977252547212158,0.3022747452787842
7503,34.96905512750838,0.6022103916792777,0.3977896083207223
7504,31.818695418512938,0.5479572999852917,0.45204270001470825
7505,34.82206593702012,0.5996790559696399,0.4003209440303601
7506,32.64162109160933,0.5621290981683221,0.4378709018316779
7507,34.18552277664904,0.5887169952410877,0.41128300475891233
7508,33.334862141419556,0.5740675666974864,0.4259324333025136
7601,35.11819301261535,0.6047787305685328,0.3952212694314672
7602,37.660963851059726,0.6485683902258121,0.35143160977418786
7603,37.17724095159974,0.6402380834535575,0.3597619165464425
7604,34.11368010973568,0.5874797756358275,0.41252022436417246
7605,34.338007542888285,0.5913429715640746,0.40865702843592544
7606,33.72530256032928,0.5807914337491324,0.41920856625086755
7607,32.09268232098596,0.552675693412041,0.44732430658795896
7608,35.973296419938116,0.6195046691440089,0.3804953308559911
7609,35.85923594194922,0.6175404066017596,0.3824595933982404
7610,34.65142765370831,0.5967404536238232,0.4032595463761768
7611,32.49073343050448,0.5595306259716272,0.44046937402837283
7612,39.16756546034565,0.6745139338478641,0.32548606615213593
7613,35.63898851644985,0.6137474734529313,0.38625252654706865
7614,43.241164843077264,0.7446663549205595,0.25533364507944045
7615,38.11139904138108,0.6563254414644133,0.3436745585355867
7616,34.13481996771687,0.587843830143691,0.412156169856309
7801,36.53608781645635,0.6291966332561408,0.37080336674385916
7802,43.49968997482018,0.7491184775266224,0.2508815224733776
7804,30.025974446243968,0.5170844269566897,0.48291557304331034
7806,37.22900737133045,0.6411295652447637,0.3588704347552363
7901,36.11294099599248,0.6219095215066177,0.3780904784933823
7902,34.10168236001678,0.5872731595425089,0.4127268404574911
7903,37.793627073895216,0.6508530150489276,0.34914698495107244
7904,31.849456184075922,0.5484870384243343,0.45151296157566567
7905,37.14705677085248,0.6397182745183704,0.3602817254816296
7907,32.88839099458573,0.566378781191904,0.433621218808096
8001,43.69886661169657,0.7525485456273856,0.2474514543726144
8002,37.16727821589972,0.6400665128192858,0.35993348718071416
8003,38.408372250899376,0.6614396875362663,0.33856031246373375
8007,33.456612125486785,0.5761642520475688,0.4238357479524312
8101,32.74815293700418,0.5639637083431643,0.43603629165683566
8102,32.09485262418073,0.5527130687180715,0.44728693128192853
8103,37.37315011509532,0.6436118816203092,0.35638811837969075
8104,35.466959357717506,0.6107849185116351,0.3892150814883649
8105,41.95887408677127,0.7225837216956689,0.27741627830433113
8106,35.25868979132026,0.6071982589150966,0.3928017410849034
8108,33.158354845384515,0.5710278926916567,0.42897210730834334
8109,37.39622804989011,0.6440093122086179,0.3559906877913821
8110,34.163722823903704,0.5883415730847416,0.41165842691525845
8111,40.36170997973374,0.6950785798218602,0.30492142017813983
8112,37.800053958369894,0.6509636939506783,0.3490363060493217
8113,32.61046261628805,0.5615925106752103,0.4384074893247897
8201,38.729534621767534,0.6669705008924731,0.3330294991075269
8202,29.720515955640348,0.5118240538468809,0.4881759461531191
8203,33.99550641328711,0.5854446783829853,0.4145553216170147
8204,33.04663947386829,0.5691040157841432,0.43089598421585684
8205,32.6482793929251,0.5622437623543765,0.43775623764562355
8206,29.300057665566623,0.5045832419168235,0.49541675808317653
8207,32.19882413740208,0.5545035868053406,0.4454964131946594
8208,31.13277929389897,0.5361449757301255,0.46385502426987446
8209,34.304656075507395,0.59076861803461,0.40923138196539
8210,39.86049722273583,0.6864470760650165,0.31355292393498346
8211,35.19964009379539,0.6061813500696809,0.3938186499303191
8212,34.7795072942165,0.598946143488629,0.40105385651137104
8213,31.571348112739603,0.5436976733712058,0.4563023266287942
8214,31.6255809834962,0.5446316305004771,0.45536836949952286
8215,36.088648866247304,0.6214911809791078,0.3785088190208922
8301,34.62927088425581,0.5963588866423396,0.4036411133576604
8302,32.543439480807194,0.5604382893637586,0.4395617106362414
8303,33.88675711739032,0.5835718809671542,0.4164281190328458
8304,34.09032576673513,0.5870775849562541,0.41292241504374594
8305,31.375019585666237,0.5403166532448238,0.4596833467551762
8306,39.198458037493324,0.6750459422454673,0.3249540577545327
8307,35.289936937264926,0.607736373426043,0.39226362657395697
8308,34.04572096471487,0.5863094350821024,0.4136905649178976
8309,37.33819353856062,0.6430098861254362,0.3569901138745638
8310,36.353395345733425,0.6260504428901231,0.3739495571098769
8311,35.18841472820792,0.6059880353866697,0.3940119646133303
8401,32.51972228583792,0.5600298499243771,0.4399701500756229
8402,33.037658088207735,0.56894934521164,0.43105065478836
8403,31.884205125300763,0.549085458182293,0.45091454181770696
8404,33.13642064419448,0.5706501586110057,0.42934984138899435
8405,33.807948972141126,0.5822147072075263,0.4177852927924737
8406,33.75830995169233,0.581359861863892,0.418640138136108
8407,33.43373983895135,0.5757703629767065,0.4242296370232935
8408,33.24754682002228,0.5725638888398341,0.4274361111601659
8409,34.9734715436765,0.6022864478295147,0.3977135521704853
8410,33.033934388825855,0.5688852185014649,0.4311147814985351
8411,39.28366868244538,0.6765133749709072,0.32348662502909276
8412,33.4971393177252,0.5768621804366135,0.4231378195633865
8413,33.49973340497457,0.5769068538283536,0.4230931461716464
8414,34.75787805994301,0.5985736613155744,0.40142633868442557
8415,36.233349917438716,0.623983112099255,0.37601688790074494
8416,32.14817550637226,0.5536313547184493,0.44636864528155074
8417,32.650210854015214,0.5622770245038784,0.4377229754961216
8418,37.44006746751485,0.6447642812165741,0.35523571878342586
8419,32.55034333493924,0.5605571822730979,0.4394428177269021
8420,32.29145695731891,0.5560988385661063,0.4439011614338937
8421,36.26340564817274,0.6245007089663007,0.3754992910336993
8422,33.00508859247411,0.5683884582013669,0.43161154179863315
8423,33.134964857542236,0.5706250881638102,0.4293749118361898
8424,35.47354858710347,0.6108983931936052,0.38910160680639483
8425,32.765832906773255,0.5642681792955733,0.43573182070442673
8426,33.19904045105176,0.5717285491559289,0.42827145084407114
8427,31.976843284241376,0.5506808018876536,0.44931919811234644
8428,31.30294763558454,0.5390754850997443,0.46092451490025566
8429,34.85042841617226,0.6001674929496189,0.3998325070503811
8430,35.24046458352095,0.6068843982892593,0.39311560171074067
8431,33.9640151215361,0.5849023593792058,0.41509764062079424
8432,32.97500418852248,0.5678703675460408,0.4321296324539592
8433,31.718255163767584,0.5462275945377177,0.45377240546228226
8434,32.577043167529425,0.5610169864223172,0.43898301357768277
8435,32.93691191088458,0.5672143713988006,0.4327856286011994
8436,31.059954957026186,0.5348908505536794,0.46510914944632065
8437,36.74500728375552,0.632794484950243,0.36720551504975696
8438,31.207940299423292,0.5374393412315888,0.46256065876841124
8439,31.412043323856764,0.5409542478208239,0.4590457521791761
8440,34.16863895209427,0.5884262348942296,0.4115737651057704
8441,32.548803073050976,0.5605306570578287,0.4394693429421713
8442,33.60258597876468,0.5786781023943076,0.4213218976056924
8443,37.25579550593233,0.6415908900638684,0.3584091099361316
8444,32.77118432385713,0.564360337318327,0.435639662681673
8445,33.97852141506734,0.5851521757004478,0.41484782429955225
8446,34.97649493997259,0.602338514454164,0.397661485545836
8447,35.309116698359084,0.6080666726405546,0.3919333273594454
8448,33.679900648746404,0.5800095566621588,0.4199904433378412
8449,33.97025190218778,0.5850097644579353,0.4149902355420647
8450,33.45632268320211,0.5761592674933397,0.4238407325066603
8451,34.58511073114709,0.5955983941725475,0.40440160582745255
8452,33.72621813912193,0.580807201148661,0.419192798851339
8453,36.553421313619225,0.6294951375216283,0.37050486247837167
8454,32.29955081590658,0.5562382248243997,0.44376177517560034
8455,32.20797735913336,0.5546612166075707,0.44533878339242927
8456,33.333104634541684,0.5740373002547288,0.42596269974527123
8457,32.98965571294844,0.5681226849229639,0.4318773150770361
8458,33.31869892573171,0.5737892161268265,0.42621078387317346
8459,33.068215800028334,0.5694755868140283,0.4305244131859717
8460,32.75862570887148,0.5641440624312338,0.43585593756876617
8461,33.05446121879805,0.5692387159085986,0.43076128409140135
8462,33.415382228029515,0.5754542222052953,0.4245457777947047
8463,33.35971225638574,0.5744955164208202,0.4255044835791798
8464,36.8867814927311,0.635236012226456,0.364763987773544
8465,31.141328195021543,0.5362921983838312,0.46370780161616876
8466,32.87299691426592,0.5661136760838269,0.4338863239161731
8467,34.20639509729959,0.5890764424251306,0.4109235575748694
8468,32.37298655978549,0.5575028791859008,0.4424971208140992
8470,38.97177149948763,0.6711421196130554,0.32885788038694463
8471,36.742818597231974,0.632756793060548,0.367243206939452
8472,35.32470193107029,0.6083350696292981,0.39166493037070194
8473,38.90772230391023,0.6700391132259863,0.3299608867740137
8474,36.757404728867925,0.6330079842927258,0.36699201570727424
8475,31.54338124695953,0.5432160493429313,0.45678395065706867
8476,34.52664388861754,0.5945915228112372,0.40540847718876283
8477,32.36593950890759,0.5573815202514403,0.4426184797485597
8478,37.0287450416211,0.6376808001702393,0.3623191998297607
8479,30.80708309523424,0.5305360842501826,0.4694639157498174
8480,32.74005225307948,0.5638242045441234,0.4361757954558766
8481,33.75978518437137,0.5813852671957267,0.4186147328042733
8482,32.91113267567426,0.5667704210753906,0.43322957892460945
8483,32.232394828400786,0.555081715636719,0.44491828436328096
8484,31.822727546765954,0.5480267382222042,0.45197326177779584
8485,35.72295843739974,0.6151935393760776,0.38480646062392243
8486,33.09974629332032,0.5700185809168421,0.4299814190831579
8487,34.73502901825822,0.5981801725497978,0.40181982745020217
8501,34.13692894017246,0.5878801492585167,0.4121198507414833
8502,32.857690957474965,0.5658500885719396,0.43414991142806036
8503,32.59818196986748,0.5613810227506999,0.4386189772493001
8504,34.52196627627851,0.5945109685397951,0.4054890314602049
8505,37.83726290697486,0.6516044780791502,0.34839552192084977
8506,37.678882739259734,0.6488769756491826,0.35112302435081744
8507,31.6666235394409,0.5453384340901324,0.4546615659098676
8508,37.754384025722345,0.6501772012093857,0.3498227987906143
8509,31.815163537648104,0.5478964766272908,0.4521035233727092
8510,32.237370597140604,0.5551674045302504,0.4448325954697496
8511,33.3510600626548,0.5743465149406087,0.42565348505939127
8512,33.53091713994169,0.5774438763238171,0.4225561236761829
8513,39.142992936747795,0.6740907645913184,0.32590923540868155
8514,36.54700528327935,0.6293846455415072,0.3706153544584928
8515,31.454115374805415,0.5416787805880993,0.45832121941190074
8516,34.31155170428982,0.5908873692932527,0.4091126307067473
8517,33.884955646334646,0.5835408574068641,0.4164591425931359
8518,34.45993826615972,0.593442769466857,0.40655723053314297
8519,32.39353737521434,0.557856789652272,0.44214321034772797
8521,35.89206110450817,0.6181056965110661,0.38189430348893394
8522,37.020193270246374,0.6375335280872405,0.3624664719127595
8523,36.86850961951587,0.6349213479644238,0.3650786520355762
8524,34.66543861597689,0.5969817397279172,0.40301826027208276
8525,34.62581515754525,0.5962993747530902,0.40370062524690975
8526,34.27601344642619,0.5902753565262615,0.4097246434737385
8527,36.78980666150291,0.6335659856591375,0.36643401434086253
8528,33.4232899306771,0.5755904026279953,0.4244095973720047
8529,43.394155313898736,0.7473010401020909,0.25269895989790914
8530,34.787431528842546,0.5990826086124509,0.4009173913875491
8531,35.727957987281535,0.6152796378102948,0.3847203621897052
8532,38.49435061557764,0.6629203413451851,0.33707965865481493
8533,42.77344444626231,0.7366116310415393,0.26338836895846074
8534,37.189308891796856,0.6404459083137478,0.3595540916862522
8535,35.754752334560635,0.6157410696193872,0.38425893038061276
8536,39.117969800038885,0.673659835219519,0.326340164780481
8537,34.85003599037086,0.6001607348918246,0.39983926510817536
8538,34.22120731860239,0.5893315272010811,0.41066847279891894
8539,32.42151253896665,0.5583385565818944,0.44166144341810565
8540,36.911880929870726,0.6356682555860683,0.3643317444139317
8541,39.49139692147497,0.6800907122404651,0.31990928775953487
8542,37.123221499345526,0.6393078016549303,0.3606921983450697
8543,36.53443047344416,0.6291680917590693,0.3708319082409307
8544,36.809199518127144,0.6338999546423107,0.36610004535768925
8545,29.698448246264718,0.5114440205901026,0.48855597940989737
8546,34.36055499809732,0.5917312666376273,0.4082687333623727
8547,32.16970615404889,0.5540021391083383,0.4459978608916617
8548,39.071181117376305,0.6728540762188926,0.3271459237811074
8549,39.925498270150754,0.6875664745183225,0.31243352548167747
8601,32.46262607787966,0.5590465825860813,0.4409534174139187
8602,36.524356734543105,0.6289946095123469,0.37100539048765313
8603,32.43549964829381,0.5585794319088271,0.4414205680911729
8604,32.062030005178734,0.5521478226119626,0.4478521773880374
8605,27.843530646957515,0.47950004469660334,0.5204999553033967
8606,31.971984686100118,0.5505971308167884,0.4494028691832116
8607,31.5883515170571,0.5439904930295174,0.4560095069704826
8608,33.263413167082724,0.5728371269654554,0.4271628730345446
8609,34.88646112717493,0.6007880208113832,0.39921197918861684
8701,33.05398864702882,0.5692305776380846,0.4307694223619154
8702,35.160457934803425,0.605506584817164,0.394493415182836
8703,32.763282698702774,0.5642242615575793,0.4357757384424207
8704,40.854551734609835,0.7035659245658812,0.2964340754341188
8705,31.72178625017978,0.5462884042142614,0.4537115957857386
8706,34.99248200839741,0.6026138315510318,0.39738616844896824
8707,32.70781821928386,0.5632690946034434,0.43673090539655657
8708,33.732234962038866,0.5809108182830749,0.4190891817169251
8709,35.39964858997993,0.6096257438168751,0.39037425618312493
8710,36.9899567922855,0.6370128185293349,0.3629871814706651
8711,35.095148033038235,0.6043818675098436,0.3956181324901564
8712,37.133406289342965,0.6394831963389206,0.3605168036610794
8713,34.31156736082483,0.5908876389181553,0.4091123610818447
8714,36.99433934308376,0.637088291476006,0.362911708523994
8715,35.23601688066544,0.6068078033435588,0.39319219665644123
8716,33.77321662310772,0.5816165731876313,0.41838342681236873
8801,34.94198506054839,0.6017442116361704,0.3982557883638296
8802,31.490173391258992,0.5422997442410349,0.4577002557589651
8804,37.30000300546743,0.642352197897698,0.35764780210230196
8805,31.38098287643647,0.5404193484894435,0.4595806515105565
8806,36.04090239286452,0.6206689276373373,0.3793310723626627
8807,36.16288310491236,0.6227695864086937,0.37723041359130627
8901,35.15994169879697,0.6054976945944653,0.39450230540553466
8902,30.347784315018526,0.5226263910279045,0.47737360897209546
8903,35.32578269156866,0.6083536816621558,0.39164631833784425
8904,37.3668838024123,0.6435039679634642,0.3564960320365358
8905,40.792804088796814,0.7025025537131445,0.2974974462868555
8906,34.32973900255884,0.5912005770700782,0.4087994229299218
8907,34.275850828733965,0.590272556048417,0.409727443951583
8908,45.35295883286716,0.7810340600558607,0.21896593994413927
9001,36.37795506970085,0.6264733917211976,0.37352660827880235
9002,35.63849256897318,0.6137389326238157,0.38626106737618426
9003,33.790191270741516,0.581908897620273,0.418091102379727
9004,35.802015647465915,0.6165550023399873,0.3834449976600127
9005,33.816345463803366,0.5823593051817699,0.4176406948182301
9006,39.54244685895374,0.6809698553208884,0.3190301446791116
9007,36.3910199387217,0.6266983849290951,0.37330161507090487
9008,36.27716935154887,0.6247377369663674,0.37526226303363264
9010,35.82826237759721,0.6170070035043035,0.3829929964956965
9011,32.18595179188899,0.5542819090904294,0.4457180909095706
9012,31.163681485267066,0.5366771496964987,0.4633228503035013
9013,34.419819387661526,0.5927518727455692,0.4072481272544308
9014,34.94898193071776,0.6018647063967483,0.3981352936032517
9015,37.85039047576459,0.6518305510546378,0.34816944894536217
9016,35.3006545815431,0.6079209445199746,0.3920790554800254
9017,34.285317428369176,0.5904355826058519,0.40956441739414806
9018,42.000282723322755,0.7232968296462741,0.27670317035372594
9019,40.8260356210602,0.7030748418115065,0.2969251581884935
9020,34.98686724907355,0.6025171384491085,0.3974828615508915
9021,38.51239205787627,0.663231037301753,0.33676896269824697
9022,33.672655006367144,0.5798847777363552,0.42011522226364484
9023,33.425758799329714,0.5756329196005836,0.4243670803994164
9024,32.28319603312029,0.5559565752313053,0.44404342476869474
9025,33.946649791831625,0.5846033069179699,0.4153966930820301
9026,35.37048330006532,0.6091234814423591,0.39087651855764094
9027,33.07540207785896,0.569599343408861,0.430400656591139
9028,33.31579945226513,0.573739283606614,0.42626071639338603
9029,34.60577034232299,0.5959541782362808,0.40404582176371917
9030,37.23988255752116,0.6413168494053342,0.3586831505946658
9031,35.951481585743934,0.6191289907107028,0.3808710092892972
9032,34.59032862318195,0.595688252728765,0.404311747271235
9033,34.725581673549655,0.5980174775860212,0.4019825224139788
9101,32.273436732586106,0.5557885080022715,0.44421149199772847
9102,34.168677582945925,0.5884269001652878,0.41157309983471224
9103,33.661921132610175,0.5796999271507202,0.42030007284927984
9104,35.367212887051515,0.609067160884231,0.39093283911576904
9105,33.94865202939751,0.5846377879259465,0.41536221207405355
9106,33.536716578173085,0.5775437498250058,0.4224562501749942
9107,34.708443419368194,0.5977223356462209,0.4022776643537791
9108,34.61702539254756,0.5961480041254675,0.40385199587453247
9109,36.34405657499317,0.6258896177044043,0.3741103822955957
9110,38.12322899663074,0.6565291679293828,0.34347083207061724
9111,33.99243995075174,0.5853918701044154,0.4146081298955846
9112,48.74419575417532,0.8394353553499876,0.1605646446500124
9113,37.47629666417652,0.6453881928044709,0.3546118071955291
9114,36.87982901652482,0.635116281984845,0.36488371801515496
9201,37.38550094386718,0.6438245781717358,0.3561754218282642
9202,41.522655323097666,0.7150714949119638,0.28492850508803624
9205,34.46639070173609,0.5935538883901897,0.40644611160981026
9206,37.73700170596914,0.6498778561584914,0.35012214384150864
9207,38.53362652978099,0.6635967211784325,0.3364032788215675
9208,38.71920106258355,0.666792544219039,0.333207455780961
9209,33.869826287943916,0.5832803111379096,0.41671968886209043
9301,32.51952671271014,0.5600264819131611,0.43997351808683893
9302,34.355367876948186,0.5916419379941303,0.40835806200586966
9303,35.33512580086157,0.6085145815631188,0.3914854184368812
9304,35.57576853605204,0.6126587471771283,0.3873412528228717
9305,33.75446462825022,0.581293640636931,0.418706359363069
9306,35.53777195198584,0.6120043989915812,0.3879956010084188
9307,34.020121196446155,0.5858685754014565,0.41413142459854346
9401,33.724928172067585,0.580784986320087,0.419215013679913
9402,34.69936874249916,0.5975660584836915,0.4024339415163085
9403,33.583177131531,0.5783438580330568,0.42165614196694323
9404,34.71640967352876,0.5978595243984122,0.40214047560158783
9405,35.53239381383234,0.6119117807989503,0.38808821920104974
9406,32.4274349011758,0.5584405469860568,0.44155945301394317
9503,31.687494390854834,0.5456978559721031,0.4543021440278969
9504,37.02946848263985,0.6376932587195958,0.3623067412804042
9505,38.720606079683584,0.6668167403517352,0.3331832596482648
9506,34.73191423079918,0.5981265320562567,0.40187346794374335
9507,40.84083878795217,0.7033297706593007,0.2966702293406993
9508,31.95143666548587,0.5502432684805824,0.44975673151941764
9601,38.24407526777529,0.6586102902248974,0.34138970977510263
9602,34.60119297162982,0.5958753502499957,0.4041246497500043
9603,39.63496845782916,0.6825631917177226,0.3174368082822774
9604,35.616426421284494,0.6133589262612188,0.3866410737387812
9605,37.35949015803066,0.643376640260077,0.356623359739923
9606,32.244161169146494,0.5552843465812289,0.44471565341877106
9607,38.7055206906495,0.6665569512894993,0.3334430487105007
9608,33.89876140791057,0.5837786097011641,0.41622139029883587
9609,36.932252827822076,0.636019084872127,0.363980915127873
9610,34.30401640525719,0.5907576021215257,0.4092423978784743
9611,32.14625868740222,0.5535983447243696,0.44640165527563036
9612,34.77957891226827,0.5989473768400836,0.4010526231599164
9613,35.22784251872881,0.6066670307180007,0.39333296928199935
9614,33.741223471310704,0.5810656115329773,0.4189343884670227
9615,36.516977255256386,0.6288675257494187,0.37113247425058127
9616,34.33567817397196,0.5913028569495289,0.4086971430504711
9617,41.182272016072865,0.709209673255729,0.29079032674427097
9618,37.97799931807148,0.6540281331919635,0.3459718668080365
9619,35.33598210771142,0.6085293282264634,0.39147067177353656
9620,44.43213866246242,0.7651763975178358,0.23482360248216416
9701,35.62662545910904,0.6135345663104188,0.3864654336895812
9702,33.415206402188325,0.5754511942667849,0.4245488057332151
9703,34.59433585468644,0.5957572622128666,0.4042427377871334
9704,34.087073503825174,0.5870215769653688,0.41297842303463117
9705,38.106384366868824,0.6562390825653479,0.3437609174346521
9706,36.91256641049629,0.635680060410491,0.36431993958950903
