hs_product_code,pei,pei_standarized
0101,5.768464058832363,0.3226391494249938
0102,3.4522678038913446,0.18945574625358666
0103,4.948910842279476,0.27551408986765236
0104,4.243922341085983,0.23497660623026084
0105,3.9846393608374444,0.22006759771241208
0106,2.990827755811404,0.16292252143217392
0201,3.063487604023673,0.16710052916281604
0202,2.789533365041536,0.15134790984869706
0203,5.548944626586863,0.3100165812871072
0204,4.8447860124381545,0.26952681691384817
0205,3.798584136755607,0.20936925215202307
0206,3.8164845727782004,0.21039854359598223
0207,4.713927196423173,0.2620023153027789
0208,5.579677185063795,0.31178373150911043
0209,5.373446970107875,0.2999253055203767
0210,4.836455870206153,0.2690478261163313
0301,2.745227204089972,0.14880026506928706
0302,3.5599152942405694,0.19564557540860186
0303,2.181165323783278,0.11636619103162679
0304,3.2279260766742075,0.17655589174411174
0305,2.843524366215822,0.15445244179916684
0306,2.3050395891796516,0.12348907459369665
0307,1.926330370126553,0.10171294811120134
0401,4.94330181097599,0.27519156543739326
0402,5.108527050985074,0.2846921678614235
0403,5.0290262550215274,0.280120799378
0404,5.546241375555927,0.30986114188029584
0405,5.298657661063341,0.2956248518441649
0406,5.525492962132488,0.3086680891308814
0407,4.385194660244201,0.2430998937967921
0408,4.860510203822763,0.27043097230061786
0409,3.0385606508494427,0.16566720655582354
0410,3.7456108197756284,0.20632323797355231
0501,1.0282724778076906,0.05007379789289957
0502,3.6342784063856044,0.19992152237327088
0504,4.1022931914411895,0.22683280058437597
0505,5.055775854722692,0.2816589258273775
0506,3.8065361669070343,0.20982650115906618
0507,4.484147157325855,0.24878975288603367
0508,2.872553438003946,0.156121639978467
0510,3.312002527382959,0.1813903645605138
0511,3.6691928005595247,0.2019291319727731
0601,5.302017851292634,0.29581806585575215
0602,2.575945377224203,0.13906640519063435
0603,1.0920061120411786,0.05373854015538707
0604,2.412918862458079,0.1296922314791416
0701,3.8889962013605928,0.21456802856233714
0702,3.428174652317736,0.18807036800126778
0703,1.899295354150433,0.10015840996495745
0704,2.9490127576389313,0.16051812079110742
0705,3.5877036613855227,0.1972434319361074
0706,3.3293058728819918,0.1823853227532385
0707,4.006013600877763,0.22129663606471037
0708,1.0530805303649886,0.051500283605665824
0709,2.033431592940959,0.10787136638332008
0710,3.3797733017025626,0.18528724607052904
0711,2.949521075891023,0.1605473495555367
0712,2.8172380267516526,0.15294095323713816
0713,1.2816039179753254,0.06464058741251154
0714,1.4784499923886667,0.07595941673682907
0801,0.7962820011714,0.03673413329588346
0802,4.194421935358615,0.23213028762531854
0803,1.549699244098305,0.08005631387836576
0804,1.9884963086405745,0.10528754643592432
0805,3.443504146257891,0.18895182792397078
0806,3.5298853906233845,0.1939188284837184
0807,1.8600895466293113,0.09790404017284365
0808,4.677043876517157,0.2598814906728004
0809,3.7800939702742085,0.2083060506672848
0810,3.222977153480224,0.17627132413391783
0811,4.431602977454164,0.24576841448380032
0812,1.8956128685089708,0.09994666367238249
0813,2.862465197882658,0.15554155694426933
0814,1.1987819769528918,0.05987825005051189
0901,0.8835291124900672,0.04175092199740504
0902,0.7194584784453786,0.03231671047238959
0903,1.9708920045235194,0.1042752828473911
0904,1.8289041993795871,0.09611085418226097
0905,0.15743767115434112,0.0
0906,1.1813812770840852,0.05887769389247987
0907,0.2702509590357556,0.006486867238020402
0908,1.3356824660208173,0.06775015338815053
0909,3.516725417002592,0.19316211796373367
0910,3.117236740046583,0.17019115364585938
1001,5.428922081071697,0.303115175141188
1002,4.850389168794401,0.26984900352926755
1003,5.130253682274131,0.28594146903283935
1004,6.753205022309853,0.3792626555197147
1005,3.3948298555075826,0.1861530116858167
1006,1.483155532277749,0.07622998958438026
1007,3.4417800126953932,0.18885268866714588
1008,2.774362375874981,0.15047556409545265
1101,4.005870912958195,0.22128843137882548
1102,2.0124315824053363,0.10666384656983134
1103,3.641196364974201,0.20031931131963615
1104,4.070021398447359,0.224977142969788
1105,5.246969687186024,0.2926527460697381
1106,2.1388271835070682,0.1139317092411027
1107,3.44721926971923,0.1891654509210409
1108,3.704365564419039,0.2039515980655152
1109,6.374168359486614,0.3574677007209394
1201,1.6990030562067293,0.08864141963555068
1202,0.9030380317624913,0.042872702699431026
1203,0.8265630918669692,0.038475323707522664
1204,9.544419381594233,0.5397600341668704
1205,5.557426153262415,0.3105042768285922
1206,3.9078546396141602,0.21565240601081545
1207,0.5906120431079019,0.024907922590903797
1208,2.0192670499488075,0.10705689220565134
1209,3.357528356726948,0.18400814138805968
1210,6.947926439683567,0.390459315120933
1211,2.2224534828497347,0.11874029794222324
1212,2.797246315838796,0.15179141157420123
1213,3.544026571423174,0.194731959313958
1214,7.395626247451066,0.4162024635568494
1301,1.5641138036682243,0.08088516423793415
1302,2.948437887955083,0.16048506525848072
1401,1.6291136294936295,0.08462271367508088
1404,2.2651365190767523,0.12119461156537839
1501,5.600527528056676,0.3129826453019979
1502,4.136274217428657,0.22878674065945054
1503,3.569277762606382,0.19618392590303152
1504,2.4162751273245098,0.12988521977877396
1505,3.6588628284641045,0.2013351491289623
1506,5.803509047592159,0.3246542683326324
1507,2.45811254609526,0.1322909096247485
1508,1.068102825495511,0.052364079315835116
1509,3.4473079290384208,0.18917054891298674
1510,3.6362199691237316,0.2000331640065664
1511,2.0211573609606193,0.10716558681780626
1512,4.077746560418293,0.2254213468489474
1513,1.7011033837777108,0.08876219039194981
1514,7.192045722049245,0.4044963971410188
1515,2.1222413102184436,0.11297800635671347
1516,3.28576627893615,0.17988175627779918
1517,3.2064177463591004,0.17531914307836724
1518,5.337034099658671,0.2978315321644622
1519,3.6359662472991348,0.20001857476958504
1520,3.6325060472924697,0.19981961010432478
1521,1.2940792160813075,0.06535792846415521
1522,3.3010196689652243,0.1807588401560065
1601,4.73857358312492,0.26341950508098305
1602,4.960517120848793,0.2761814615010878
1603,5.737686599131244,0.32086941734153085
1604,2.5174191497164657,0.13570109357783972
1605,2.038970320479145,0.10818984828277102
1701,1.7722578052938784,0.09285363471062535
1702,3.55762423166026,0.19551383721471033
1703,1.6415075042460978,0.08533537280942352
1704,3.146817001604208,0.1718920457410524
1801,0.5633179549162591,0.023338487555306577
1802,0.8852265977206819,0.041848528950772734
1803,0.7234993070748584,0.03254906181453451
1804,1.1094710732367865,0.054742791398486874
1805,2.130791365458353,0.1134696423533288
1806,4.830018515060391,0.26867767230751366
1901,5.239321822713556,0.2922129868674408
1902,3.7278717494060905,0.20530322520223718
1903,2.2576025015075247,0.12076139866414759
1904,4.2336210008229145,0.23438426974299845
1905,4.682584452541068,0.2602000788618713
2001,3.3645377068993767,0.18441118543408674
2002,4.4832924692837794,0.24874060754187266
2003,5.8040267365226965,0.32468403591964323
2004,5.964042061320411,0.3338850634537631
2005,3.0591498038805622,0.16685110168701192
2006,2.6506407914913552,0.14336145983126572
2007,3.423088122513617,0.187777887885129
2008,2.803790852896205,0.15216772844097268
2009,3.5917917555970296,0.19747850109245044
2101,3.3040252651811115,0.180931664687493
2102,3.9945369561668196,0.22063671849670122
2103,3.8202415607470286,0.2106145738405244
2104,2.1832619006474827,0.11648674611895568
2105,4.835401052289692,0.268987173121344
2106,4.518388561297254,0.2507586649333394
2201,3.4965343558432873,0.19200111347928997
2202,3.665607170007475,0.20172295493642797
2203,3.501431617060483,0.19228271047856588
2204,4.148511911302006,0.2294904192503928
2205,2.5627440420327283,0.13830731634250398
2206,3.342104338227939,0.18312124621676554
2207,2.4646813006514505,0.13266861901985041
2208,3.0541217594555725,0.1665619845336668
2209,4.619622450616316,0.25657970616291076
2301,2.3738261519844075,0.12744436487070057
2302,1.6194099707997134,0.08406474442471507
2303,5.263576246064103,0.2936076383944411
2304,2.3674024222905885,0.12707499453783222
2305,1.4270810027497034,0.07300565284786704
2306,4.3070648041517385,0.23860735560988816
2307,5.458896147601709,0.3048387113824876
2308,3.581261860975063,0.1968730225205038
2309,4.206859692413363,0.23284547003217929
2401,0.5424340085264772,0.022137641536361947
2402,3.2375839898717875,0.17711123058659706
2403,3.2977415130555245,0.18057034319282866
2501,3.182847365435931,0.17396382461660156
2502,4.1558723175872005,0.22991364934399786
2503,11.886099704413787,0.6744087945503334
2504,0.3713595243946951,0.012300702225256888
2505,3.221327996293674,0.17617649608728717
2506,3.3743001848874212,0.1849725368476641
2507,4.301493512085622,0.238287001220296
2508,3.90020986442296,0.2152128244450166
2509,3.8641772672410375,0.21314091714978825
2510,1.4512959011944213,0.07439803165663067
2511,3.156325020340417,0.1724387655149077
2512,3.5444829180379167,0.19475819966170382
2513,6.768938656599189,0.3801673538821432
2514,4.472452581853686,0.24811730409992339
2515,4.099741801610966,0.22668609333550566
2516,1.541222782458788,0.07956890958108548
2517,5.865517821130427,0.3282198295274984
2518,4.307945907373358,0.23865801985103363
2519,3.2802735908851752,0.17956592169097296
2520,5.230710588208745,0.2917178330071359
2521,8.487974835434631,0.47901350648414104
2522,2.786760025772591,0.15118844030409387
2523,2.620643702591372,0.14163659978263538
2524,9.741558525903283,0.551095715278248
2525,0.5318992493321477,0.021531883247055073
2526,3.524705385263378,0.19362097343761853
2528,2.09630012553296,0.11148636451015558
2529,5.1654670988144655,0.28796627269191166
2530,5.627286672722176,0.314521320595555
2601,6.0103192977754665,0.336546046877471
2602,2.492335815834765,0.1342587789371338
2603,3.2477854060379867,0.17769782134689374
2604,1.1951119734836106,0.059667221494254165
2605,0.29779482405074315,0.008070664669418684
2606,0.7114239099591283,0.03185471543560036
2607,2.1246795818560447,0.11311820920604426
2608,2.006759142679303,0.10633767609727914
2609,1.0412176076507353,0.05081815469915662
2610,2.520077492657235,0.1358539507283912
2611,1.9758134716667526,0.10455827170955415
2612,0.3939103471787969,0.013597395161485845
2613,3.4582775877778795,0.18980131432392006
2614,0.6152901357047541,0.026326935487076354
2615,1.315522724194254,0.06659094979398575
2616,2.8720696731735433,0.15609382305824263
2617,1.4355140734202807,0.07349056212474568
2618,5.973334013576865,0.334419359207407
2619,4.505451900084063,0.25001479508104485
2620,4.5507915107500265,0.25262186416427906
2621,5.950866098638445,0.33312743354813656
2701,5.443637069789522,0.30396130045154895
2702,2.632720630344898,0.14233103417464277
2703,4.632420866625843,0.25731562678954845
2704,2.8889615518156626,0.15706512153034605
2705,6.6356688987323365,0.37250422090941987
2706,5.595719498599221,0.312706179210523
2707,5.623118242534916,0.3142816320471268
2708,6.689151281025187,0.3755795068089981
2709,6.231687983719781,0.349274948794462
2710,7.234645450400838,0.4069459204851394
2711,9.089297228125282,0.5135900940642611
2712,6.3560451850938975,0.3564256016169702
2713,6.8472538642621625,0.3846705499538836
2714,6.978335172301857,0.3922078450598765
2715,1.5709418687163021,0.08127778422349832
2716,3.41806299545288,0.1874889384828968
2801,4.57905950215715,0.2542472995255484
2802,8.285994148361567,0.4673994322355085
2803,5.442874969216258,0.3039174789715299
2804,9.296405804421486,0.5254990266334556
2805,5.145467486964804,0.2868162767178818
2806,5.389468771138869,0.3008465737340227
2807,2.744278355417867,0.1487457054027752
2808,6.271144760896697,0.3515437495713338
2809,1.6957217419500528,0.08845274106453288
2810,4.418657155490795,0.24502401787999156
2811,4.331129324936014,0.2399910875656332
2812,5.338806460740082,0.29793344454773596
2813,5.9641928432042475,0.33389373354999663
2814,9.905639377432129,0.5605305143179479
2815,6.5737503531068535,0.3689438479020661
2816,6.4589287435434715,0.3623415003304182
2817,3.9872510814015256,0.22021777403366077
2818,2.953546007705276,0.16077878681626606
2819,10.121699157229335,0.5729541492756814
2820,3.6425704847211353,0.20039832446192551
2821,4.075762699326808,0.22530727302164555
2822,0.25075292339123956,0.005365712354553857
2823,6.38990219769465,0.35837241080887966
2824,3.270584937888507,0.17900881528192386
2825,5.2610061968089035,0.2934598582115678
2826,5.127749147551684,0.2857974559955223
2827,3.9808208060797523,0.21984802732119807
2828,3.396391394244378,0.18624280159144613
2829,4.9979019548049255,0.27833112364765855
2830,4.96653159855979,0.276527299470621
2831,5.253627173065797,0.2930355575971043
2832,3.895007738054999,0.21491369742072633
2833,5.054612171918771,0.2815920130017879
2834,3.7382751914938988,0.2059014326378097
2835,4.506997162313088,0.2501036490725901
2836,4.1137925754179525,0.22749402568096824
2837,4.030558134723373,0.22270796921052677
2839,4.1035445198744815,0.22690475311381966
2840,4.787985688372682,0.2662607463275839
2841,7.767402669225719,0.4375799478547409
2842,7.00416346127485,0.393692995299706
2843,6.4064821769316485,0.35932577477990935
2844,4.509457286606854,0.250245108469638
2845,4.474408201313095,0.24822975400754954
2846,1.289107896753393,0.06507207305577561
2847,4.8294390627142665,0.2686443532676146
2849,6.249924790351964,0.3503235818561345
2850,8.027436099666309,0.452532107945033
2851,7.372995285524383,0.4149011625466227
2901,7.900785291234138,0.4452495706188357
2902,10.258017992905621,0.5807926070112907
2903,12.185088861784331,0.6916009445700105
2904,17.548465380215596,1.0
2905,9.617726130897008,0.5439752393019056
2906,5.772740076593923,0.32288502435734945
2907,6.819075143701996,0.383050247747966
2908,2.758317871388674,0.14955299041236048
2909,9.967673795181353,0.5640975500783993
2910,7.960940794660681,0.44870856708718126
2911,5.437506100510588,0.30360876411031024
2912,5.402538126875504,0.3015980736427845
2913,2.13817280936745,0.11389408212955038
2914,6.179049438350347,0.3462481842897969
2915,6.464414650536329,0.3626569450002004
2916,6.8615593643928,0.3854931292959419
2917,6.099423585308827,0.34166962491000635
2918,4.862038770632527,0.27051886629028515
2919,6.864085093863837,0.3856383610506887
2920,6.158191987699619,0.34504886180008226
2921,6.022194225382096,0.3372288660762721
2922,5.7177430468907975,0.3197226448463059
2923,5.170953958357042,0.2882817721341739
2924,5.674203391538834,0.3172190748399584
2925,4.541206951225158,0.25207074322506773
2926,6.862533601697829,0.3855491488320687
2927,4.25830374049334,0.23580354985015192
2928,4.05070858234958,0.22386663837967016
2929,6.559064212753755,0.3680993813990632
2930,6.145411125317659,0.34431395052308505
2931,7.076701993997862,0.3978640272787544
2932,5.3327663641551055,0.2975861334695166
2933,5.888283204718968,0.329528859906231
2934,5.929036411628669,0.3318722065785192
2935,6.1052648296890135,0.3420055018045698
2936,5.316064002914807,0.29662573242136026
2937,5.712375812353591,0.3194140239512676
2938,3.9383360341799554,0.21740511407820087
2939,3.5953618786102175,0.19768378643112697
2940,5.378255316246398,0.30020178982130263
2941,4.998753905157442,0.2783801115721659
2942,3.0406657030458946,0.1657882489825086
3001,5.714546213671578,0.31953882401221256
3002,6.111030697121483,0.3423370444556959
3003,4.274455930263465,0.23673231553555815
3004,4.929318427652858,0.2743875081063911
3005,4.847304980775103,0.2696716598972008
3006,5.039767481525273,0.2807384297264439
3101,3.4858153394643963,0.1913847602333397
3102,7.548238469339687,0.42497780590243744
3103,2.8448628141181675,0.15452940377776503
3104,4.409380001126705,0.24449057301869354
3105,3.4871882684487137,0.19146370490568945
3201,3.1561883367179875,0.1724309060816001
3202,4.262703821379418,0.23605655852564184
3203,3.9948569084280265,0.2206551160443654
3204,4.161149695438762,0.230217103397424
3205,2.521769166495459,0.13595122352138106
3206,6.248018800465592,0.3502139856943516
3207,5.1958688568822415,0.2897144015878213
3208,5.055504638449529,0.28164333064360225
3209,4.4414017013691085,0.24633185007132685
3210,5.138399745217341,0.28640987510288235
3211,4.601651290408318,0.2555463480136028
3212,5.017364615610719,0.2794502444455429
3213,3.7645521859229536,0.2074123838517718
3214,5.312532974431768,0.29642269505392516
3215,4.791164664307366,0.2664435403514832
3301,2.063726317654469,0.10961334076346123
3302,2.4309049078347487,0.13072644553926288
3303,5.997635248982231,0.3358167024703761
3304,5.120117766878901,0.2853586446267838
3305,4.664777555162622,0.2591761659755058
3306,4.552273840546141,0.2527070994833707
3307,5.9019009748475115,0.33031189414413564
3401,2.858552280625785,0.1553165606230436
3402,4.987624402953527,0.2777401550158253
3403,6.1497539801327115,0.3445636686471491
3404,6.152535989234841,0.34472363671509026
3405,4.102961205790092,0.22687121202043817
3406,4.8056205939634715,0.26727476952884655
3407,5.3907367545745135,0.3009194839413351
3501,5.561535071436157,0.3107405433818104
3502,5.648389823096233,0.31573477104409065
3503,2.724619836811388,0.1476153226022098
3504,5.861666530351156,0.3279983767851016
3505,4.816650374258785,0.26790899198423174
3506,5.351417736239632,0.2986586044238817
3507,5.0436471243197305,0.2809615127356462
3601,7.057268624315087,0.39674659074723484
3602,2.7463917181984683,0.14886722569565014
3603,4.697957769290668,0.2610840586362
3604,4.441780179257479,0.24635361289608348
3605,1.3557926852251534,0.06890650938624132
3606,5.774771125695163,0.32300181153837276
3701,7.055267734423946,0.39663153774837734
3702,7.8825132780658125,0.44419891314913335
3703,7.574677176836162,0.42649805576568733
3704,5.833368575952486,0.3263712185244126
3705,8.84098678712967,0.49931201658950475
3706,5.148696225512153,0.28700193213752484
3707,7.647279890618646,0.43067277821435873
3801,6.34238287181478,0.35564000610716606
3802,2.480416133721472,0.13357338631326476
3803,6.3191854965101175,0.35430613580963466
3804,6.47477369883168,0.3632525997521018
3805,3.59374890933838,0.1975910392226916
3806,4.1633347291617415,0.23034274483503964
3807,6.370087830134985,0.35723306655095854
3808,4.0076688626230315,0.22139181512905087
3809,4.71333848230239,0.2619684637023657
3810,6.262833851186127,0.3510658646613902
3811,6.220062383566395,0.34860646615227014
3812,8.433389783821518,0.4758748160900896
3813,5.6300173495487975,0.3146783370107033
3814,5.926538787956491,0.3317285909329138
3815,3.9765085964770472,0.2196000713248737
3816,5.770598984665712,0.32276190961312445
3817,9.958057416303909,0.5635445994973113
3818,7.49612446821025,0.42198120317134735
3819,5.711297160959592,0.3193520005095226
3820,5.595704764195999,0.3127053319688609
3821,6.015079673545438,0.33681977283832903
3822,5.822238319699701,0.32573121860957227
3823,3.7325535156723606,0.20557243104473208
3901,8.644013604295449,0.4879858784147266
3902,7.837299927948023,0.4415991041629035
3903,6.471065146165909,0.36303935458178677
3904,4.790645352855346,0.2664136794680031
3905,5.2656249907702355,0.29372544308893106
3906,5.7343676286856695,0.3206785735052091
3907,6.137504627634147,0.34385931967459343
3908,6.301961943121413,0.35331576573623585
3909,6.372541208063248,0.35737413802581947
3910,6.556986164673443,0.3679798917337555
3911,6.25731589113511,0.3507485769114465
3912,5.773373948548553,0.32292147257451254
3913,4.993398038169569,0.2780721443216116
3914,4.6077164619092095,0.25589510092242207
3915,2.673763094425352,0.1446910133988188
3916,5.574642274138463,0.31149421952571515
3917,5.136042651363513,0.2862743400503679
3918,5.64408888976864,0.3154874634438991
3919,5.867194475579325,0.3283162386918645
3920,5.778753415325154,0.3232307968345043
3921,5.23978081811602,0.29223937952290324
3922,4.948282671428064,0.2754779694691388
3923,3.8179917254192888,0.2104852062513642
3924,4.096964500496268,0.22652639598114802
3925,4.894095617109408,0.2723621642835474
3926,4.652370347712826,0.2584627401988721
4001,0.9839034784213341,0.04752253984601376
4002,5.983826731641808,0.3350227000933212
4003,5.288586372271199,0.2950457435268977
4004,5.265839177941494,0.293737759047185
4005,5.496979737073743,0.30702855261034045
4006,5.588206046915132,0.3122741488664983
4007,4.60925654877747,0.25598365732598977
4008,5.196722198218263,0.28976346949515247
4009,5.700919676647158,0.31875528566977634
4010,5.442799421387464,0.3039131349022743
4011,4.877036654201833,0.2713812583133564
4012,1.8030112734224033,0.09462198725672022
4013,4.335448018334693,0.2402394163861565
4014,4.548006476221284,0.25246172213154044
4015,4.477284502444857,0.24839514395343898
4016,4.975717587517472,0.27705550223766595
4017,4.640886307762489,0.2578023973978338
4101,2.1017421974230555,0.1117992886214351
4102,3.3958927392168157,0.18621412847126573
4103,1.2839370810145412,0.06477474642129744
4104,3.2039115419924005,0.1751750340349785
4105,1.71401743265989,0.08950476001452885
4106,1.0825531886537103,0.053194988414477416
4107,3.097152392073596,0.16903628526723435
4108,3.468919600446535,0.19041323978610022
4109,4.266974634436699,0.23630213418274093
4110,2.441013622802892,0.13130770589588206
4111,3.9169449240712626,0.21617510568154083
4201,3.1737103538241542,0.17343843809174334
4202,2.944796040269508,0.16027565568553884
4203,2.0886848090799104,0.11104847684874487
4205,4.187193536913015,0.23171464810323134
4206,4.646274667021227,0.25811223298368186
4301,5.494083233625215,0.30686200101275896
4302,1.7681445858102984,0.09261712082815728
4303,4.763850809771633,0.2648729687330215
4304,3.5042861799790574,0.19244685045731405
4401,4.2551488951754814,0.23562214335879117
4402,2.2818696364559155,0.12215678111965061
4403,2.7537258425434645,0.14928894455365502
4404,4.007772738174357,0.22139778806826205
4405,4.813380413141969,0.2677209662291401
4406,4.276154646686248,0.23682999328360163
4407,3.844646652557043,0.21201788894175322
4408,2.8042114361003256,0.15219191235989665
4409,4.102588185149901,0.2268497629924433
4410,5.284385913708385,0.2948042133175803
4411,4.571252916544829,0.253798413712535
4412,3.615290699114642,0.19882971183805626
4413,4.33968847576143,0.24048324656673448
4414,3.815206109739617,0.21032503080191559
4415,5.066153291156986,0.28225563791408687
4416,4.362188198715535,0.2417770012160001
4417,3.157784472196932,0.1725226853315471
4418,4.862255221841986,0.2705313124328065
4419,3.9167916424911633,0.2161662918504859
4420,3.7023590333988206,0.20383622069657606
4421,4.393270972999155,0.2435642891672133
4501,3.5987351374360212,0.1978777518989668
4502,4.416083197014101,0.24487601291330674
4503,4.0592974887922555,0.22436050835597984
4504,4.007851852432061,0.221402337210442
4601,0.8676165326396799,0.040835934101543285
4602,2.006384248010894,0.10631611931094767
4701,5.446069688629653,0.3041011782598549
4702,3.8835158607501636,0.2142529039646359
4703,3.677351292398208,0.2023982527156739
4704,7.157598575985758,0.4025156547352357
4705,6.475053499963393,0.3632686885730958
4706,3.6332863821777637,0.19986448007396365
4707,4.910342658123469,0.27329638400223577
4801,6.794537098922656,0.3816392877293953
4802,4.8092260158107845,0.2674820845827714
4803,4.279538470694183,0.23702456625907747
4804,5.242486617148121,0.29239496544211213
4805,4.149101434631777,0.22952431738106296
4806,5.82739286003977,0.3260276093937341
4807,5.039629353464837,0.2807304872366298
4808,4.589355282326394,0.25483931630233037
4809,5.131161123258717,0.28599364771944524
4810,5.785855089607081,0.3236391496012719
4811,5.416821594716682,0.3024193861080471
4812,4.9318088479104905,0.2745307095490715
4813,4.722292790281932,0.26248334460126027
4814,5.085382470181451,0.2833613332959904
4816,4.562376147031328,0.25328799134635843
4817,5.20757418251393,0.2903874685179367
4818,4.2059174693808385,0.23279129134600346
4819,3.7476970515988257,0.20644319821156115
4820,4.105087328414739,0.22699346601601655
4821,3.7258565660380514,0.2051873503153845
4822,4.650298491472825,0.25834360657004574
4823,4.775981755658066,0.2655705092170788
4901,4.961265680204468,0.27622450434871
4902,5.627344640507625,0.3145246537962386
4903,5.664109437716674,0.3166386632627346
4904,6.3382824628814,0.35540422884305173
4905,4.753410179707259,0.26427262295478243
4906,4.830996929622779,0.26873393203975926
4907,2.6813748279345533,0.14512869503768108
4908,2.9738446064682775,0.16194597481128173
4909,5.571640970282691,0.3113216418088613
4910,5.550130811512867,0.3100847880052982
4911,6.426181835338584,0.3604585231566296
5001,1.1852050985191889,0.05909756712246222
5002,3.6991156686922118,0.20364972425939779
5003,3.4440780820483514,0.18898482975687347
5004,3.4932726420429825,0.19181356195244115
5005,5.173511794540284,0.2884288500542389
5006,3.696642797617342,0.2035075319107776
5007,3.8585627348097824,0.21281807639965075
5101,6.772158885097041,0.3803525199661564
5102,6.394967432421884,0.35866366643861997
5103,3.436737626634791,0.18856274685663546
5104,5.748761437709105,0.3215062306893752
5105,3.3678825643487538,0.1846035177968047
5106,3.512219237417911,0.19290300851603076
5107,4.826144140655957,0.2684548922355565
5108,4.774988635928923,0.2655134039242947
5109,2.9874325892937015,0.16272729625201202
5110,2.8156538327384655,0.15284986063239453
5111,4.915109843326233,0.2735705015117077
5112,4.8085510566964444,0.2674432738163445
5113,7.536633314260034,0.42431049887068534
5201,1.537207073776222,0.07933800265886409
5202,4.287806601298874,0.23749999133130498
5203,1.0143703025938533,0.04927441010245899
5204,2.3226493085395017,0.12450164956364365
5205,3.0717141026012147,0.16757356035540366
5206,1.9173771236282544,0.10119812824844913
5207,3.501152451854134,0.19226665822386194
5208,2.9035083338179466,0.15790157480071285
5209,2.278998504549606,0.12199168840895283
5210,1.718013496991272,0.0897345373685894
5211,2.5346591317019196,0.1366924083105781
5212,1.9985405687912858,0.10586510058158749
5301,4.636841973414026,0.25756984447364084
5302,4.765108506812319,0.2649452874632154
5303,0.5281695568372207,0.02131742251722806
5305,0.7733106678670087,0.03541326062011729
5306,2.866281999940294,0.155761026553627
5307,0.6460101303784609,0.02809336327890264
5308,1.5324510804830698,0.0790645286944316
5309,5.150672307440503,0.2871155586558312
5310,0.9356602838639712,0.0447485120332568
5311,2.1312537429319685,0.11349622948097594
5401,2.9545297552723393,0.16083535320115833
5402,4.278707531679388,0.23697678650570722
5403,4.669449331123389,0.2594447973662967
5404,6.278586602669869,0.35197166227998267
5405,4.734800743133472,0.26320256333064124
5406,3.3924454985904977,0.18601590898222875
5407,4.630965788611469,0.25723195847283276
5408,4.851911515930551,0.2699365398820132
5501,4.915164549442804,0.2735736471634475
5502,7.37755180297329,0.4151631664675602
5503,4.8405613458857175,0.2692838947229856
5504,4.1328110934428715,0.22858760786271648
5505,3.3858255259081442,0.18563525449802573
5506,1.1310627269131848,0.05598433123371745
5507,5.5895294110931975,0.312350243517154
5508,2.8128133905251587,0.15268653260711476
5509,3.3433305283710166,0.18319175327152912
5510,4.009312252471879,0.22148631154848855
5511,3.131312747272155,0.17100053693597042
5512,4.085130608197002,0.22584593635005326
5513,1.8864910681679632,0.0994221518095065
5514,2.312354565212066,0.12390969240621402
5515,4.006330285420671,0.22131484571558357
5516,4.783921024941485,0.2660270244625397
5601,4.162010160110513,0.23026658090307497
5602,5.049510781706862,0.28129867839860906
5603,5.164823402728491,0.28792925957821053
5604,4.044503501981343,0.22350984058301068
5605,3.8086512584263033,0.2099481208559957
5606,4.944321264172985,0.2752501849286648
5607,2.5821959206631653,0.13942581715544342
5608,3.1995120413303906,0.1749220587229032
5609,3.4668791738580294,0.19029591339098198
5701,4.045486628554364,0.2235663712601775
5702,3.8789935059036567,0.21399286442458323
5703,5.093350867268424,0.2838195234167974
5704,5.777333031695719,0.3231491234766558
5705,2.8392999596614747,0.1542095345584322
5801,4.9829076264680054,0.27746893605370127
5802,3.435274616838972,0.1884786224552318
5803,5.323125071533074,0.29703175032532736
5804,3.273961585553573,0.17920297561112092
5805,4.238425352837812,0.23466052437816265
5806,2.771317996151777,0.15030050947682205
5807,2.80864846825209,0.15244704576696105
5808,2.937147374260766,0.15983585039417258
5809,8.747180129928564,0.4939180480000447
5810,3.57537447173058,0.19653449225403682
5811,3.9913096007851077,0.22045114261034746
5901,2.1919284409214983,0.11698508011157532
5902,4.860621443248154,0.27043736866932316
5903,5.254758535772963,0.29310061198756887
5904,6.545275944873418,0.3673065433844843
5905,5.902518224975532,0.33034738659106555
5906,5.75494999586458,0.3218620784436888
5907,6.316862128534811,0.3541725400259826
5908,3.6808076266636025,0.20259699509727527
5909,5.960143815727534,0.3336609107666367
5910,4.477362201555083,0.24839961172334457
5911,5.373620684199981,0.29993529423956067
6001,4.2043750792061125,0.23270260250020727
6002,2.939038589317186,0.15994459698971938
6101,1.6835737961225279,0.08775422306831375
6102,1.8196339238060042,0.09557780485770881
6103,1.6491035511632282,0.08577215245489396
6104,1.8451811467799266,0.09704679354551426
6105,1.5490867994793303,0.08002109775260134
6106,1.8638982811954021,0.09812304589405853
6107,1.443242105720453,0.07393493105046166
6108,1.706606439674449,0.08907862113939038
6109,1.5342009428033,0.07916514737835899
6110,1.5019017460399278,0.07730791402195743
6111,1.4512917727754266,0.0743977942687624
6112,2.2370387295688574,0.1195789629689901
6113,2.651005678927401,0.14338244119258317
6114,2.0063295416235887,0.10631297364364031
6115,2.692114075136762,0.14574621157447626
6116,1.6368487751017848,0.08506749162251208
6117,3.015673499431938,0.16435117441555044
6201,2.3576191130952844,0.12651244531078412
6202,2.5594181102781492,0.13811607222454733
6203,1.690971304952672,0.08817958659218933
6204,1.969750097185081,0.10420962213098367
6205,1.5750606201953705,0.08151461620076683
6206,2.18169066742389,0.11639639877146832
6207,1.3365373152571245,0.06779930800112731
6208,1.983199017429251,0.10498294734609806
6209,1.487962595483182,0.07650640011548007
6210,2.492408493498579,0.13426295796927787
6211,2.098056442810248,0.11158735436001782
6212,1.7141735099072677,0.08951373459900934
6213,1.9327632144796658,0.10208284254531583
6214,1.486886512717595,0.07644452437221813
6215,3.1207123395220626,0.17039100379466163
6216,2.275154353925599,0.12177064623201442
6217,2.9991461356364875,0.16340083588053453
6301,3.010153465217486,0.16403376739931208
6302,2.1043163340440705,0.11194730383158129
6303,3.594693584516478,0.19764535890948076
6304,2.669787120037602,0.14446239123489238
6305,2.263191215386005,0.12108275482388556
6306,2.832196997249387,0.15380110772300218
6307,3.161683041433947,0.1727468566285075
6308,3.754049651953329,0.20680847854236029
6309,3.8025316909340012,0.20959624012791694
6310,1.6985564320758362,0.08861573833951891
6401,3.8446459500377723,0.2120178485462526
6402,3.3405536848091484,0.18303208222687767
6403,3.098665160377086,0.16912327082834075
6404,3.4666629477236803,0.19028348019048535
6405,3.338341106098454,0.18290485692727437
6406,2.9190777336238147,0.1587968295301246
6501,2.2722213865781447,0.12160199792689289
6502,2.1572608624269267,0.114991662639386
6504,2.425087425531986,0.1303919349858853
6505,2.4794994025681256,0.13352067343345786
6506,5.6869221616906716,0.31795041575693084
6507,2.704785443303003,0.1464748268339206
6601,4.4384558698652175,0.246162462065444
6602,5.897304769143836,0.330047608112248
6603,4.9965544034706415,0.27825363821339744
6701,4.778082179462315,0.26569128550697885
6702,5.578827041260808,0.3117348474628534
6703,0.9819784557914631,0.04741184928407142
6704,0.8798467684515867,0.04153918384713104
6801,4.246250014236969,0.23511044956545218
6802,3.932981639938705,0.21709723151192442
6803,4.6261245219826055,0.25695358121360146
6804,5.471249873081465,0.30554906189692665
6805,5.662953541156324,0.316572198153272
6806,5.594521114772003,0.31263727104435446
6807,7.103100715193412,0.39938197789312757
6808,4.818685814393171,0.2680260316536773
6809,4.717933800537289,0.26223269870398697
6810,5.181658306121525,0.28889728192137903
6811,2.7723663445251776,0.15036079046716597
6812,7.365128319979364,0.4144488048322525
6813,4.768724833052188,0.26515322952968595
6814,5.959145897658302,0.3336035295649086
6815,4.061522575369336,0.2244884528693407
6901,1.5323303883214008,0.07905758878474438
6902,5.1555188116452575,0.28739423708046674
6903,5.5262512667711565,0.3087116923411893
6904,4.005620208839308,0.2212740156626826
6905,5.081627857703419,0.2831454396443417
6906,5.735576563484157,0.3207480883618762
6907,3.66655256224598,0.2017773158548464
6908,3.3572124476487786,0.18398997632711825
6909,5.643829396835928,0.31547254236292255
6910,4.16725202735665,0.2305679930642094
6911,4.7567676713721445,0.26446568179644797
6912,4.4603774644786265,0.24742297380633366
6913,4.115408488368463,0.22758694215361977
6914,4.679442172285783,0.26001939487310116
7001,3.7769515558044384,0.20812535896105902
7002,5.969475030919985,0.3341974641750122
7003,7.400674012270929,0.416492714650937
7004,7.413931775898884,0.41725504818577736
7005,3.944291496130814,0.21774755858754724
7006,6.487709130423995,0.3639963989000713
7007,5.327283046371203,0.2972708376816176
7008,4.905404178204137,0.2730124168898863
7009,5.629276021681534,0.314635709980279
7010,3.912711860750795,0.21593170066883638
7011,5.999098058566277,0.3359008153594197
7013,5.26613074405269,0.2937545243652602
7014,6.160155396499493,0.34516175960190976
7015,4.77540621918297,0.2655374153433455
7016,5.650944377982225,0.31588166028656256
7017,4.4008143553610655,0.24399804055258884
7018,6.190781864534512,0.3469228095264672
7019,6.714362261396493,0.37702916123960833
7020,5.090585388804863,0.2836605058756937
7101,4.039353315919369,0.22321370017382192
7102,3.4541253741257423,0.18956255824109386
7103,1.0484478101528962,0.051233897956146184
7104,4.2532525553879195,0.23551310208651638
7105,4.414420892295566,0.2447804288715616
7106,5.04444785963904,0.28100755574890024
7107,7.25320835931013,0.4080133047260155
7108,1.7486262715129852,0.091494799903607
7109,1.2761051708107463,0.06432440442111109
7110,6.515286309595644,0.36558211192594847
7111,1.9550595965160638,0.10336490490582721
7112,3.465662274066717,0.19022594053994235
7113,5.5313634839333785,0.30900564950391396
7114,5.177783554303992,0.28867448014782343
7115,7.232112763597542,0.4068002886774242
7116,3.3971938895165246,0.18628894580359803
7117,4.569802162187863,0.25371499401007486
7118,6.289214908631768,0.3525827995939875
7201,5.143783910998096,0.28671946955991084
7202,3.3436599878532625,0.18321069749309885
7203,12.01508029693243,0.6818252965924433
7204,4.393777030819632,0.2435933879547572
7205,4.7721901316373145,0.26535248736787115
7206,5.315670739659246,0.2966031194244667
7207,7.914026562697607,0.4460109558391335
7208,5.339141486747506,0.29795270884959485
7209,5.991944072164614,0.3354894545979199
7210,4.735738383100549,0.2632564784863619
7211,5.784152842194628,0.32354126881809275
7212,5.119559130846757,0.2853265225439782
7213,4.546962443465932,0.25240168929318163
7214,4.5025131171521116,0.2498458123744955
7215,4.107287091093452,0.2271199543820587
7216,8.580541191197975,0.48433615660648627
7217,4.682738042423126,0.2602089104205708
7218,3.0175821373402334,0.1644609228410159
7219,5.345049368129769,0.29829241743272733
7220,5.47672296727614,0.3058637698190941
7221,4.802176803689012,0.26707674843819723
7222,4.700391596760629,0.2612240059418266
7223,4.749516196990755,0.2640487153869464
7224,5.07920492046293,0.28300611853687047
7225,5.9422373792331795,0.3326312742900629
7226,5.655759127095765,0.31615851276440843
7227,5.582697789973872,0.3119574190542405
7228,4.614132357146324,0.2562640207668641
7229,5.850408279278875,0.32735101705106956
7301,7.176274539979587,0.40358953974687867
7302,6.120472594183767,0.34287996217282224
7303,8.490333728691208,0.47914914500395944
7304,5.40153186824692,0.30154021285126503
7305,5.8966873679451615,0.33001210697861727
7306,4.25442494267866,0.23558051542805972
7307,5.609003365515561,0.3134700137083209
7308,6.019707526433428,0.33708587861226086
7309,5.216577410620053,0.2909051623688545
7310,4.523737060966024,0.2510662085563068
7311,4.799361010251888,0.26691483774009306
7312,5.047549900582403,0.2811859259404299
7313,2.4719924505330506,0.13308901682519636
7314,5.073554191094355,0.28268119642972955
7315,5.764688463603732,0.3224220492459938
7316,6.305981822497372,0.353546912477142
7317,5.1074033641299215,0.28462755483947033
7318,5.8604838232682654,0.32793037004607056
7319,5.608057858539523,0.3134156461923894
7320,5.058019750326129,0.28178795187695754
7321,4.527109395575712,0.2512601208808746
7322,5.572168208946801,0.31135195851428726
7323,4.8024159617710165,0.2670905002466588
7324,5.387441786340358,0.30073002025412365
7325,5.155368084688911,0.2873855701426142
7326,5.262133296597716,0.29352466748032796
7401,3.95159632910911,0.21816759316517545
7402,0.979784013948249,0.04728566687093715
7403,2.3501720205861694,0.12608423068001595
7404,3.298698506358904,0.1806253711830883
7405,1.8709248514000043,0.09852708010768589
7406,6.894506557895968,0.3873876230575729
7407,4.884209066891253,0.2717936786032559
7408,5.749033248439233,0.32152186005496963
7409,5.906797953261142,0.33059347488194785
7410,6.591045440887654,0.3699383312684395
7411,6.613893660978155,0.3712521248218013
7412,5.6071765483051115,0.313364970047819
7413,5.316395007206081,0.2966447654708621
7415,5.11506243671637,0.2850679585185731
7418,4.495185272859754,0.24942445462526142
7419,5.3113818003839155,0.2963565014932506
7501,1.6258821982642004,0.08443690342375541
7502,2.8256858137307352,0.15342670871521616
7503,8.164146388193316,0.46039307457760165
7504,9.516059451535785,0.538129312249058
7505,5.838953155302961,0.32669233694500854
7506,7.241914505045266,0.4073638977758455
7507,5.358411678941871,0.2990607625262804
7508,6.756586050046587,0.3794570677070389
7601,8.956590513312161,0.5059593365821154
7602,4.108490406385221,0.2271891461119495
7603,7.881561994438982,0.44414421347049765
7604,4.382362132897976,0.2429370208836089
7605,12.349161302740491,0.7010352599940882
7606,8.046285688108725,0.4536159765212756
7607,4.4782701438791355,0.24845181923742837
7608,5.451581811752315,0.30441813038107945
7609,5.333050535501584,0.2976024735818569
7610,4.9117158237118135,0.27337534227953353
7611,5.984317741239036,0.33505093359426447
7612,3.9824311571625923,0.21994062398137135
7613,6.0405862438125535,0.33828642395831
7614,13.640258272738937,0.7752745166727344
7615,4.253172729548187,0.23550851202771897
7616,4.8368974831863145,0.26907321926661254
7801,3.8211540090398346,0.2106670404519329
7802,4.7328485156040525,0.2630903084620918
7804,6.835602821443079,0.3840006043351429
7806,3.1636321202205147,0.17285893044146292
7901,6.251039256037454,0.3503876646523978
7902,4.481694502223481,0.24864872297432256
7903,3.720226168053799,0.20486359728143821
7904,6.214235871461401,0.34827143637700514
7905,4.139622097519574,0.22897924682682172
7907,5.891344641708836,0.3297048953332962
8001,2.0292847113547228,0.10763291689916016
8002,4.906208789923737,0.27305868279970263
8003,5.362543055374429,0.299298320449922
8007,6.738511049613616,0.3784177386498174
8101,6.911948552701914,0.38839055371226094
8102,4.866079710482129,0.27075122402768886
8103,6.33726425830681,0.35534568114871046
8104,6.1645834323405895,0.34541637571288225
8105,0.4142351074526243,0.014766087467302689
8106,5.442458429795161,0.30389352757382837
8107,7.21347217701201,0.4057284378991162
8108,7.233034681755829,0.40685329981475943
8109,6.625067060888261,0.371894605536399
8110,1.0696264887942766,0.05245169134913501
8111,5.361128409663057,0.29921697702761035
8112,6.030039092265267,0.3376799530973734
8113,6.418304682370294,0.36000557965610336
8201,3.9405463613027214,0.21753220990943886
8202,5.43061364222944,0.30321244145494713
8203,4.41098849488452,0.24458306288097909
8204,5.489936405041925,0.3066235545763169
8205,5.633568647235911,0.31488253987591197
8206,6.297105673834301,0.3530365258104331
8207,6.081975085195666,0.34066632019420345
8208,5.662214606211806,0.3165297087180942
8209,6.123636630064906,0.34306189712997776
8210,4.367963632373791,0.24210909393385865
8211,5.02297289937881,0.2797727258918331
8212,5.3771075405129825,0.3001357916668165
8213,3.59612486217588,0.19772765868401662
8214,3.2585449304096654,0.17831650383948
8215,4.956604847381842,0.2759565021983714
8301,4.481036222996995,0.24861087131670356
8302,5.925574343713735,0.331673134506825
8303,5.0713663463995395,0.2825553933586623
8304,5.954382929861567,0.33332965456014085
8305,5.8456960907002005,0.3270800618977856
8306,5.40173717851135,0.3015520183792571
8307,5.403570914512575,0.3016574598765569
8308,4.454076485771361,0.24706066176746644
8309,4.5379981416630155,0.25188623374030217
8310,4.744345592674442,0.2637514009094576
8311,5.241650020529107,0.2923468603713245
8401,5.629851558601897,0.31466880387961554
8402,5.249458769293707,0.2927958705675725
8403,5.4306913161835775,0.30321690777835464
8404,5.238502665327678,0.2921658845685093
8405,3.4430600608522415,0.18892629260696256
8406,6.093473451289422,0.3413274867615918
8407,6.173362545189542,0.3459211827315255
8408,5.332812283629645,0.29758877388130295
8409,6.134023577999939,0.3436591561366793
8410,4.3827728802606085,0.24296063923265093
8411,6.440701489463244,0.3612934165492204
8412,5.552139767947358,0.3102003048377764
8413,5.731786327575022,0.32053014633035604
8414,5.391155755035639,0.30094357685108925
8415,5.685565167110976,0.3178723873274213
8416,5.923579039762963,0.3315584027046479
8417,5.306495672547691,0.29607554467356373
8418,5.004693260354803,0.2787216299284541
8419,5.517522151527573,0.30820976023058516
8420,5.9419066398689955,0.3326122564741111
8421,5.064484722211758,0.28215969367357724
8422,5.550434194821744,0.3101022328230486
8423,4.82080881623468,0.2681481062013708
8424,5.495925881875285,0.30696795497251894
8425,5.732079108225392,0.3205469814855446
8426,5.875715955419841,0.32880623157687816
8427,5.7397783802163005,0.32098969666717225
8428,5.637509710930726,0.3151091546430635
8429,5.206278619775174,0.2903129724754698
8430,5.623729529926469,0.314316781631256
8431,5.598275080337763,0.31285312749795574
8432,5.376605281651739,0.3001069113229032
8433,5.725502566090427,0.3201688242975402
8434,5.181296243567156,0.2888764629933418
8435,5.058993191544082,0.2818439256373493
8436,6.016992368283673,0.33692975453522656
8437,4.462524189451936,0.2475464124558041
8438,4.822702219724159,0.2682569786338201
8439,5.9376346029612765,0.33236661044449245
8440,4.63608750535222,0.25752646187001166
8441,5.251843446639399,0.29293299169609843
8442,5.358114531267178,0.299043676263199
8443,6.094483637279079,0.3413855733799651
8444,6.335137244778064,0.35522337592533154
8445,5.677912077487101,0.3174323276741388
8446,6.775737499294539,0.38055829355569726
8447,4.8275577951266095,0.26853617866062013
8448,4.872610657068426,0.2711267594299408
8449,5.323511689786121,0.2970539812284986
8450,5.320947434211334,0.29690653418754814
8451,5.803278109352467,0.32464098917262213
8452,3.737470803297833,0.20585517958080107
8453,4.313831555755936,0.23899645001634878
8454,6.017863684075387,0.33697985599020036
8455,5.48952435570825,0.3065998613627491
8456,5.923192239664252,0.33153616134518477
8457,6.738521201273853,0.3784183223795663
8458,6.323726702881194,0.3545672593295926
8459,4.322990793916765,0.23952311458810707
8460,5.8463078556841115,0.3271152389439122
8461,5.994312330574075,0.33562563162259496
8462,5.736915385936655,0.3208250718774507
8463,5.913014139717596,0.330950911288838
8464,5.391703940917344,0.3009750980406863
8465,5.783715290788467,0.32351610921203144
8466,5.94646908658466,0.33287460133331037
8467,5.457542133357384,0.3047608543249878
8468,5.760436658789161,0.3221775665802365
8470,4.733493594639658,0.2631274010966616
8471,6.491623686736066,0.36422148946847005
8472,4.8828548602541035,0.2717158104829927
8473,5.031756969817368,0.2802778179764131
8474,5.103628843796067,0.28441051646790316
8475,8.334128956699026,0.47016722774148534
8476,5.264622831829908,0.2936678180332361
8477,5.885815356379624,0.32938695636949755
8478,4.663533414772956,0.25910462676514523
8479,6.545659197480401,0.3673285807599284
8480,5.68676995567505,0.31794166377181715
8481,5.69950214463495,0.3186737762825267
8482,5.589920103237848,0.3123727086728186
8483,5.8005898967464775,0.3244864144890001
8484,5.815812379065214,0.32536172114559325
8485,6.809887743508943,0.3825219638335964
8501,4.897451801651029,0.27255514796442976
8502,4.904375612287478,0.27295327340889913
8503,5.283436603743094,0.2947496271262883
8504,4.8330615612303935,0.26885265024561544
8505,5.022042388484795,0.27971922066433413
8506,5.634243001484196,0.31492131586198746
8507,5.715322983519668,0.31958348898895145
8508,5.341165029890595,0.2980690644311592
8509,5.379480622334629,0.30027224604210395
8510,5.749912479836825,0.32157241666452147
8511,5.368211458625433,0.2996242588214681
8512,5.281311430613467,0.2946274277275421
8513,5.727112714030901,0.32026140927684166
8514,4.989333313018728,0.27783841890763145
8515,5.684966887157952,0.3178379856829047
8516,4.976894409372527,0.27712317057071345
8517,5.597783551984102,0.3128248641680431
8518,5.522286452759545,0.3084837119090986
8519,6.575331194790488,0.3690347477447942
8520,5.680102068351547,0.31755825415192285
8521,5.4895653776436975,0.30660222016155814
8522,4.272687260933913,0.2366306154313929
8523,6.855189869756439,0.38512687752848357
8524,6.005955434468114,0.33629512074588425
8525,6.374431571710495,0.35748283566456
8526,5.136436945124068,0.28629701230224114
8527,4.791836880879893,0.26648219341924734
8528,4.625119161431821,0.25689577206237685
8529,5.25774012877063,0.29327205631205316
8530,5.7599838909024195,0.32215153201262403
8531,5.0597979491535865,0.28189019993596853
8532,3.3569439748372436,0.18397453889489593
8533,4.826722415000889,0.26848814353930955
8534,5.709291607139311,0.31923667933047367
8535,5.303774421688182,0.29591907026014586
8536,4.392139168264654,0.2434992093597726
8537,4.7754172474696,0.2655380494799138
8538,5.128359955493221,0.28583257801083706
8539,5.2018226173313105,0.2900567482592585
8540,6.334767611898476,0.35520212169667
8541,5.350671830496009,0.2986157141613796
8542,5.8476835728090855,0.3271943439368999
8543,5.662282037929335,0.31653358610352866
8544,3.386847364347034,0.1856940111428879
8545,4.833266897609115,0.26886445727520314
8546,5.0175865856808555,0.27946300792760104
8547,5.501766040134761,0.3073037694141481
8548,4.409725043273087,0.24451041325770384
8601,6.660110824447717,0.3739096539938974
8602,3.0917418203363165,0.1687251724435534
8603,6.416325201944921,0.35989175772110976
8604,3.2854467141358663,0.17986338100949245
8605,5.303770655835536,0.2959188537201743
8606,5.458277556729536,0.3048031418415426
8607,6.0458179454602305,0.338587251588235
8608,5.33789524177185,0.29788104862361486
8609,5.043120303503373,0.2809312200568482
8701,5.106250348926783,0.28456125541068283
8702,6.0451941647547445,0.3385513836271276
8703,5.8648483472317485,0.3281813341659891
8704,4.966062566846945,0.2765003297181319
8705,5.441522099561978,0.30383968772900455
8706,4.374924791624106,0.24250936695778624
8707,5.247369265627471,0.29267572219559634
8708,5.528038197441195,0.30881444248913525
8709,6.815201382313528,0.3828275029249875
8710,6.509292131843418,0.36523744122261204
8711,3.7201683661560963,0.20486027361945172
8712,2.721138544603929,0.1474151451161119
8713,6.900449856195013,0.3877293681458145
8714,4.945352007475383,0.27530945361132353
8715,5.628642075278958,0.3145992574822909
8716,5.441620844477393,0.30384536565195813
8801,4.990289686859822,0.2778934112782431
8802,5.337474722591193,0.29785686838609865
8803,5.229629023855186,0.29165564206755185
8804,3.356633044404074,0.18395666011059572
8805,8.752140457517342,0.4942032713733703
8901,3.4947350567630053,0.19189765213644222
8902,4.252759186715294,0.23548473293658004
8903,5.383030198591501,0.3004763499234992
8904,7.779294787678184,0.4382637555429012
8905,2.7277022389445307,0.14779256354418915
8906,3.101909075450851,0.1693097989121339
8907,5.436838690780286,0.30357038744037057
8908,3.2890757491495966,0.18007205384208413
9001,5.276091295115003,0.29432726516177576
9002,6.154324072438431,0.3448264531347696
9003,4.6967452824678535,0.2610143395348853
9004,5.015927759273331,0.2793676238919204
9005,5.016884646677483,0.27942264579287757
9006,4.373814207762374,0.24244550736993953
9007,4.683885099507134,0.26027486725205873
9008,4.465544319398363,0.24772007269008994
9009,4.935310052286793,0.2747320320030906
9010,8.04843112187647,0.45373934092524515
9011,5.887454003918714,0.3294811801017866
9012,7.286378868426205,0.40992063933964457
9013,6.699966119348002,0.37620136990436764
9014,5.946476970626969,0.33287505467295425
9015,5.829679288116273,0.32615908109941777
9016,4.708463269070752,0.2616881344824256
9017,5.596208381092928,0.3127342904010682
9018,3.7077234121193197,0.20414467737954162
9019,5.500978204644829,0.3072584681528821
9020,4.994656472454366,0.27814450544401625
9021,4.862758832784179,0.27056027052261106
9022,6.261268920784093,0.3509758797319074
9023,5.631554466381616,0.31476672263451655
9024,5.701512055494224,0.31878934799530284
9025,5.2114795706366595,0.2906120319070626
9026,5.84450582641745,0.32701162061285044
9027,6.122389818071084,0.3429902042999346
9028,4.219567948457648,0.2335762063783507
9029,4.287520285146988,0.23748352789069205
9030,6.213372302728249,0.34822178038498447
9031,5.986412176739587,0.3351713655512246
9032,5.197123682128311,0.28978655518719804
9033,5.64209028464779,0.31537254182142316
9101,6.718275567395099,0.37725417991383925
9102,5.147013670821709,0.28690518370387313
9103,2.4789246611146543,0.13348762527419514
9104,3.240229249271514,0.17726333542157172
9105,9.245799288375597,0.5225891056734929
9106,4.542803475873708,0.2521625448526229
9107,4.010740541089869,0.22156843945040924
9108,5.831474194139105,0.32626228983744404
9109,4.444229984137177,0.24649447891738374
9110,6.174196828917135,0.3459691548089409
9111,4.166693405337739,0.23053587178717758
9112,5.07269116297823,0.2826315715236824
9113,2.690149298811944,0.14563323513871368
9114,3.51342464695483,0.19297232066693318
9201,5.167240246624818,0.28806823031281914
9202,5.02598913958115,0.2799461624622762
9205,5.17184000478889,0.28833272061442883
9206,4.92108687532913,0.27391418631877534
9207,4.963043710046472,0.27632674269090285
9208,5.8938274778088084,0.3298476606799743
9209,5.378670033034018,0.3002256364159121
9301,6.079501894427138,0.3405241094629055
9302,4.676330496998386,0.25984047069797744
9303,5.245601211190496,0.2925740574483167
9304,6.33907457661052,0.3554497761069841
9305,5.732379632870719,0.32056426192752624
9306,6.144736554504968,0.34427516208435816
9307,4.004188349026184,0.2211916824137753
9401,4.586375949802354,0.2546680019571472
9402,5.879053671270721,0.32899815329115045
9403,4.77207571447825,0.2653459082765731
9404,4.099776414128006,0.22668808358689385
9405,4.614967961008129,0.2563120687532042
9406,5.230439432022678,0.2917022412784236
9503,5.3768058437264665,0.3001184438256444
9504,5.880370728123404,0.3290738852648277
9505,4.051026452361175,0.22388491619607714
9506,4.577014569881945,0.25412971404932383
9507,3.669478593569465,0.20194556533224564
9508,7.121083808729172,0.40041602221969663
9601,2.5876332721253865,0.1397384698378026
9602,3.8967291922538405,0.21501268261169032
9603,3.588899135283997,0.19731217277871163
9604,5.0053497836578815,0.2787593806188711
9605,4.567879413355551,0.25360443419357187
9606,3.7963801717447923,0.2092425221480414
9607,2.8616897832138712,0.15549696989157993
9608,4.59808636258101,0.2553413614028661
9609,4.05253677331506,0.22397176103234276
9610,4.814350279533519,0.26777673443374395
9611,6.127463832344291,0.34328196476159856
9612,5.818033970646348,0.32548946469349044
9613,4.716789615203929,0.26216690700078793
9614,3.383733741498683,0.18551497498122801
9615,4.808037981509686,0.2674137715238209
9616,6.515554084631509,0.36559750923543155
9617,5.4733517433096965,0.3056699213575287
9618,3.3616502777999577,0.1842451556198789
9701,5.004018629015983,0.2786828380094194
9702,5.6738625637614,0.31719947693101735
9703,4.023126962193126,0.22228066999310472
9704,5.020931968712743,0.27965537051179407
9705,3.602544941991615,0.19809681914555677
9706,4.191991461653044,0.23199053316421187
9999,5.171546226506266,0.28831582809447326
