hs_product_code,pgi
0101,0.3144946632217298
0102,0.4063699648374831
0103,0.3124700748331814
0104,0.3777746940520754
0105,0.3705520592846316
0106,0.3713700789334316
0201,0.41470340159109553
0202,0.4275444998882735
0203,0.34602244867611814
0204,0.36793014752467096
0205,0.3704117563206957
0206,0.4032719362000018
0207,0.3883878387559379
0208,0.325605266600947
0209,0.35109876099150866
0210,0.341954696859349
0301,0.3609764187377635
0302,0.34552621198882194
0303,0.39072658447067143
0304,0.4342112375132758
0305,0.3571549545607693
0306,0.4350585514344476
0307,0.3788783964241309
0401,0.3396008741601013
0402,0.3710554871950709
0403,0.3411482244192554
0404,0.3290414188423581
0405,0.30799577045434207
0406,0.33245522032638464
0407,0.35644214555937787
0408,0.3336245041104335
0409,0.3569998623422147
0410,0.3994635149878318
0501,0.34510112332009896
0502,0.4154582617448609
0504,0.386091449905855
0505,0.33953857856286945
0506,0.3360383624819667
0507,0.3733713400222953
0508,0.37221511196701873
0510,0.42967328931353704
0511,0.3878937719348802
0601,0.3300563761432123
0602,0.38621439804331126
0603,0.4172012563875937
0604,0.4069778150304672
0701,0.34111674827886757
0702,0.367291538396026
0703,0.3628915351429237
0704,0.3894617851020135
0705,0.3636465768299898
0706,0.3654876986346088
0707,0.35888602981041495
0708,0.42124373415300975
0709,0.3792554958176593
0710,0.38281861861015465
0711,0.34560858929267846
0712,0.3658429980065055
0713,0.386659143857074
0714,0.37517873635005616
0801,0.4062109255546848
0802,0.38531085433198875
0803,0.4649365332104703
0804,0.42332390395138575
0805,0.39912657892710784
0806,0.3884866141572437
0807,0.4425470704606308
0808,0.3471146072926543
0809,0.3793375318780785
0810,0.3896816248998668
0811,0.37662065005497763
0812,0.40871006394290127
0813,0.33948559052988203
0814,0.37732176698830794
0901,0.4242275486412987
0902,0.4024825970150957
0903,0.4614226766522615
0904,0.3987876613375616
0905,0.425132397862429
0906,0.39078210522759493
0907,0.4176544818738279
0908,0.4717585292978974
0909,0.34924821979964354
0910,0.3753304311955536
1001,0.32553812838433094
1002,0.3294746443476603
1003,0.3193028742716736
1004,0.3244682176586188
1005,0.37124071884300586
1006,0.3671230575214847
1007,0.4004172293307145
1008,0.3932446144572514
1101,0.37468507532981066
1102,0.42346382697528445
1103,0.4223699619490586
1104,0.37834474930773
1105,0.30308773780736514
1106,0.3994717673551599
1107,0.3827933601563794
1108,0.3674691539165164
1109,0.3405657927551305
1201,0.45720497763803253
1202,0.4025862368542019
1203,0.3825739635693322
1204,0.29812705384704336
1205,0.317628315225761
1206,0.30922632436515046
1207,0.3951910390443165
1208,0.4110327214163469
1209,0.39064738011220795
1210,0.3013966161307468
1211,0.3646692678268865
1212,0.3631716474346124
1213,0.34022809077276767
1214,0.3772870109283201
1301,0.39225296539163956
1302,0.390697083057563
1401,0.39923175002934935
1404,0.3875146091577756
1501,0.3295841997280409
1502,0.4115486778829879
1503,0.3616003227201013
1504,0.3755766813421523
1505,0.3821615310859176
1506,0.3109231231116257
1507,0.43631636545601993
1508,0.42043676741122815
1509,0.3415362668080413
1510,0.35055589313968744
1511,0.4273951134759932
1512,0.31064431026414674
1513,0.4290462099598028
1514,0.3081506476723922
1515,0.3935223713293505
1516,0.39151988291481243
1517,0.38985425284880726
1518,0.35369883325998736
1519,0.3967746457940586
1520,0.4015801572191037
1521,0.42034732497909905
1522,0.37449519916059226
1601,0.3326019514557251
1602,0.34684870070553425
1603,0.35440515835888725
1604,0.3889275600827207
1605,0.3650319867059348
1701,0.4580558983356344
1702,0.4218251528141742
1703,0.4327724524137968
1704,0.4098506033878119
1801,0.41418121812264647
1802,0.4000432017340851
1803,0.40813891699437094
1804,0.4161838384019257
1805,0.40188412915389593
1806,0.3312752244071415
1901,0.3386253512470029
1902,0.4082335114891363
1903,0.37687117581943386
1904,0.38585942782768606
1905,0.36416303414776313
2001,0.36937940584324236
2002,0.3590792220219254
2003,0.32797899736709146
2004,0.34182795945073957
2005,0.3701317889377069
2006,0.3698970667947526
2007,0.3991074521865027
2008,0.40972609593365145
2009,0.3949992020768978
2101,0.3996059819109889
2102,0.3621876775486858
2103,0.3857995933380554
2104,0.3930559626104428
2105,0.34714610474792446
2106,0.36951290296637596
2201,0.35970664141582637
2202,0.37917126089509123
2203,0.39929047574253557
2204,0.35934359385675485
2205,0.34782420659572233
2206,0.3341237101337649
2207,0.4025358327233232
2208,0.3556551936509885
2209,0.35394791106266005
2301,0.38601444088862935
2302,0.4004093207603862
2303,0.3299385691611547
2304,0.43692354350218815
2305,0.44528060679258474
2306,0.3313587119747978
2307,0.36950159380837333
2308,0.39828742330445377
2309,0.37988001560079787
2401,0.42977768857025156
2402,0.38258083203708393
2403,0.3683171364986089
2501,0.4077630781142041
2502,0.41679759804441674
2503,0.3843146323710313
2504,0.44452597465353205
2505,0.4465416716060201
2506,0.3806381657108135
2507,0.3376341096968018
2508,0.3292871481067528
2509,0.33180153072566904
2510,0.40871857619969787
2511,0.3717816923197072
2512,0.3451511482516845
2513,0.4120830591879225
2514,0.34830401941867506
2515,0.38496338864794516
2516,0.44227759830313057
2517,0.32230000361574285
2518,0.38910008239514
2519,0.4268121034988585
2520,0.3690453078992308
2521,0.342539994616657
2522,0.4359724320477252
2523,0.376925386518945
2524,0.33189738609644565
2525,0.4181604033095283
2526,0.3038667547550812
2528,0.4420921914700763
2529,0.3658104128394835
2530,0.3881592385192135
2601,0.36542555690833867
2602,0.4086745780935348
2603,0.4005453532619089
2604,0.44923684175563894
2605,0.4245798419090381
2606,0.3185042019067547
2607,0.38063988172360036
2608,0.4007183298223059
2609,0.4096604426685506
2610,0.45096646529481915
2611,0.4170204806815248
2612,0.42395116470106836
2613,0.36124187029848076
2614,0.4600095387228822
2615,0.4463423952609352
2616,0.3977975723004412
2617,0.3735022748272065
2618,0.4481931358175391
2619,0.34036273836275577
2620,0.3619692495606349
2621,0.3402329220563471
2701,0.4256330445459963
2702,0.37753496202594156
2703,0.34035601583812025
2704,0.45907119613508157
2705,0.3269759779665953
2706,0.31516545067372037
2707,0.3259781568257108
2708,0.30266047113039873
2709,0.40034733902680303
2710,0.35444004067580165
2711,0.35436259492774785
2712,0.385152371797042
2713,0.3785158128179985
2714,0.3924313254361549
2715,0.4568375377288604
2716,0.37648111215237073
2801,0.41573152696010857
2802,0.37047232045885936
2803,0.34147454035800545
2804,0.33115765571590877
2805,0.34512433367814593
2806,0.34224085272040916
2807,0.4716298487043097
2808,0.315857119492843
2809,0.38384937631697363
2810,0.4170359787241341
2811,0.3585756702537446
2812,0.3558475029778348
2813,0.3557536223542195
2814,0.3220230599627484
2815,0.33519077752898385
2816,0.3614484035424061
2817,0.40356688661284096
2818,0.34333658444928966
2819,0.2952421657966311
2820,0.37867409707251853
2821,0.3735310564022178
2822,0.4279438647322371
2823,0.31902110090428665
2824,0.40741987693737103
2825,0.4175489399264115
2826,0.35804582678559016
2827,0.3643543858566785
2828,0.3898874722585075
2829,0.35352775137484566
2830,0.37689907337804257
2831,0.34017654473588543
2832,0.44182557612014284
2833,0.43065519995224855
2834,0.3924589691035509
2835,0.3632632529296227
2836,0.4013429563156718
2837,0.3762759661372679
2839,0.3503062018197871
2840,0.4058926844431558
2841,0.34611170445703965
2842,0.33641021716503344
2843,0.3314589478115428
2844,0.48462641206643803
2845,0.3718529124782832
2846,0.3445271057301534
2847,0.33183485032843235
2849,0.351574229510356
2850,0.36386563556971574
2851,0.3722194802830245
2901,0.35592926656039986
2902,0.3512281101183698
2903,0.3356019840914309
2904,0.3611019048561841
2905,0.37577352126557595
2906,0.3404004194216252
2907,0.32286096914012014
2908,0.395778269703372
2909,0.3656316508086183
2910,0.32514867022068195
2911,0.3386257106146731
2912,0.34342604457357234
2913,0.3518041533677859
2914,0.36676074623087024
2915,0.3614833288960341
2916,0.3698408829720141
2917,0.33766730831571196
2918,0.38600518135620965
2919,0.34442335636214694
2920,0.3395368208675802
2921,0.3276623486178669
2922,0.34334693281485346
2923,0.347232557763455
2924,0.3071512405673538
2925,0.3539827447636595
2926,0.3436892973865375
2927,0.3616039548957805
2928,0.36188862354963225
2929,0.3223200016364005
2930,0.3439146120587147
2931,0.36091354917109497
2932,0.37154759970264883
2933,0.32324350136870267
2934,0.3250647702661432
2935,0.32017901112893776
2936,0.35154058303480235
2937,0.3183165319664816
2938,0.3932858434989674
2939,0.3688417370071022
2940,0.34099023674329954
2941,0.3301947487168718
2942,0.3748752307900125
3001,0.3407354945173453
3002,0.31235565576074614
3003,0.34136089020585275
3004,0.32328462028492083
3005,0.3432079737204669
3006,0.33663567067943967
3101,0.35321343477242256
3102,0.34061176885840827
3103,0.350403685560636
3104,0.31905552478279076
3105,0.3765366825263356
3201,0.4300390133445064
3202,0.41121798720671343
3203,0.3698485939432276
3204,0.3624149569411072
3205,0.4071040359463949
3206,0.3297081245446358
3207,0.3423273754402931
3208,0.3379937697461488
3209,0.3592963962272432
3210,0.3268902271107818
3211,0.3652725405624004
3212,0.34487704284015613
3213,0.36467813178193587
3214,0.3302403604946182
3215,0.36665991898235156
3301,0.4027853749414968
3302,0.48097809420768817
3303,0.3457434113975582
3304,0.35182229054553704
3305,0.3499502837278966
3306,0.35984822439049424
3307,0.3463509998882448
3401,0.4181456207725755
3402,0.36683165746845015
3403,0.32396939697516247
3404,0.32764908372051693
3405,0.4000820610320199
3406,0.3502789078923982
3407,0.33351059434353014
3501,0.329031167739031
3502,0.3562969951592311
3503,0.3856822272683982
3504,0.335865547287976
3505,0.337670952161743
3506,0.3418738094432497
3507,0.31608177666861614
3601,0.3416020323500416
3602,0.441156226854968
3603,0.3842319336608923
3604,0.34932700187215027
3605,0.40580407947151476
3606,0.3437208620837051
3701,0.32561512957425603
3702,0.3446885374450577
3703,0.30329281718106615
3704,0.33538002447456067
3705,0.3455782810178703
3706,0.3551233110588095
3707,0.32316242987016763
3801,0.32087591163837553
3802,0.3801681342827232
3803,0.29700244292131567
3804,0.31238314603612666
3805,0.3872009114523289
3806,0.36152758551997066
3807,0.30424499236931857
3808,0.39527533570337625
3809,0.3637484777517981
3810,0.32245874677361014
3811,0.3344528139041585
3812,0.350908120773557
3813,0.3410718508116154
3814,0.3351081232968851
3815,0.3580910507374437
3816,0.31196393629109165
3817,0.3486000221524867
3818,0.3386672774389174
3819,0.35272376812821254
3820,0.31972917339170087
3821,0.34185380034718255
3822,0.33265468511851126
3823,0.4243303024045422
3901,0.37039005750850357
3902,0.3508845368473824
3903,0.3610240752578532
3904,0.3674804781212165
3905,0.35316136975650797
3906,0.3883468741331345
3907,0.33653005722061374
3908,0.3146960509290804
3909,0.31599893321947287
3910,0.3320880673533859
3911,0.3242920022607499
3912,0.35249288909916937
3913,0.32653637284410114
3914,0.3155770716561184
3915,0.37274621130756336
3916,0.3268987483018696
3917,0.3630387718213926
3918,0.3298609817658775
3919,0.3421592318500523
3920,0.35607855428989876
3921,0.341498381106798
3922,0.331309502372544
3923,0.37139505277925666
3924,0.39290520370165033
3925,0.3302750396435161
3926,0.3559636588501931
4001,0.379521907771047
4002,0.3515627522583059
4003,0.34300477646679595
4004,0.3220146594258915
4005,0.3376246649366306
4006,0.31678308577961345
4007,0.379519056360753
4008,0.3215682037522434
4009,0.35187443776168625
4010,0.34522835076652447
4011,0.35604568779096757
4012,0.38063082141573146
4013,0.36499557886448847
4014,0.3367918882849878
4015,0.3997637775939974
4016,0.34519952672163695
4017,0.37093327936299125
4101,0.3916289599137397
4102,0.3720367152166382
4103,0.4395876071446231
4104,0.3860814185580177
4105,0.3603493837569806
4106,0.3539763823669096
4107,0.38687295281014206
4108,0.35402575715782014
4109,0.3544139652771413
4110,0.33503752398009357
4111,0.4086654320491166
4201,0.35263633063805555
4202,0.34913792683349504
4203,0.3357584712424066
4205,0.33845347994340247
4206,0.37870024902145943
4301,0.29621866215230996
4302,0.3698364207043701
4303,0.36173266232853907
4304,0.3122123032950998
4401,0.3731402498477489
4402,0.4494144861871435
4403,0.42162627655943163
4404,0.35558794891283846
4405,0.309598831828011
4406,0.3461706557670688
4407,0.3746566428735567
4408,0.37212731434500784
4409,0.36375786796614784
4410,0.34598638922708047
4411,0.34555546274429616
4412,0.369079510743847
4413,0.3626610019579472
4414,0.3636093385003104
4415,0.3338934467802966
4416,0.3567008196922554
4417,0.380441225895263
4418,0.3327796727166119
4419,0.34500927512446916
4420,0.3643992951972064
4421,0.34347386073641983
4501,0.3435325027700922
4502,0.3466451712925741
4503,0.34786820897038323
4504,0.3505058919115244
4601,0.42081835116551175
4602,0.39842717668013805
4701,0.31331436582852107
4702,0.39143110172221446
4703,0.39019868475049607
4704,0.33716628217011385
4705,0.3204025862828257
4706,0.38956077683144374
4707,0.3575234479133925
4801,0.3000587404317196
4802,0.3392264046335582
4803,0.34762675545128124
4804,0.33823626651928834
4805,0.3535532710194096
4806,0.2848967786051425
4807,0.32792828068554947
4808,0.3742612897724632
4809,0.3504387386645875
4810,0.2964340003313591
4811,0.34419088734561015
4812,0.3123259469632878
4813,0.3514962464275444
4814,0.3011427310422335
4816,0.3711436625010245
4817,0.3336031370762128
4818,0.362750293045498
4819,0.3641792629563245
4820,0.3678876546387905
4821,0.3664293914824014
4822,0.3492654309767466
4823,0.35551266563173783
4901,0.3461373474566089
4902,0.32924465778695067
4903,0.34525970070539985
4904,0.3158641785609687
4905,0.3478750121400443
4906,0.3340133609941386
4907,0.3837505499854603
4908,0.4095594081652406
4909,0.33818391737000575
4910,0.33714801144455037
4911,0.3310435520596291
5001,0.3390320507318231
5002,0.3847402968447351
5003,0.3466242223631475
5004,0.37126943167532794
5005,0.36807517984096205
5006,0.3660713571687537
5007,0.35488159916017686
5101,0.4014296390951239
5102,0.33159984391568004
5103,0.3733075851305496
5104,0.3258989734588817
5105,0.39191164388143024
5106,0.367213468860175
5107,0.35700108964190724
5108,0.40148747730264994
5109,0.3794590943690387
5110,0.35857104883545504
5111,0.3333196138029939
5112,0.3421539783062068
5113,0.36454852337750376
5201,0.3834301138640705
5202,0.3632786523678407
5203,0.40494873085036687
5204,0.3982051535701519
5205,0.35298486066576956
5206,0.3958988640999126
5207,0.35393173689304974
5208,0.33738283033802174
5209,0.3252768628062116
5210,0.3341612807092569
5211,0.3407617587496778
5212,0.4091295896335796
5301,0.30178665870080523
5302,0.33413689517833917
5303,0.3553264688445967
5305,0.4009986961052347
5306,0.3355585341090228
5307,0.32539389751004905
5308,0.4073693577716533
5309,0.3118326865647192
5310,0.3273983480423253
5311,0.40425417544126097
5401,0.4065672270013543
5402,0.3618816686752994
5403,0.35624206103946654
5404,0.3500743046623927
5405,0.3617834508103384
5406,0.3655900831467372
5407,0.3642112588469521
5408,0.3604710523996238
5501,0.35909657842448234
5502,0.3503984369680033
5503,0.33888630072947945
5504,0.35007331556548626
5505,0.38456171671428135
5506,0.38891832716811925
5507,0.3339877104713587
5508,0.38896228794405907
5509,0.3691286792401695
5510,0.3471774790969168
5511,0.3949789488198987
5512,0.33473959382556573
5513,0.33097595644122896
5514,0.35504143503703534
5515,0.3542667898748192
5516,0.36987347942097787
5601,0.35597827239282376
5602,0.3342680729299657
5603,0.34432406618209965
5604,0.3532191639563005
5605,0.35948338856687073
5606,0.35116608954580336
5607,0.3830185233580777
5608,0.37468962810249407
5609,0.36911581547450756
5701,0.3525625973413105
5702,0.34750108046490674
5703,0.3271784008750033
5704,0.310192638853473
5705,0.3831487361136825
5801,0.3594575045959587
5802,0.3504914757553377
5803,0.4502308702864953
5804,0.38906041791170287
5805,0.3655047132163356
5806,0.40206952531962115
5807,0.4130327467204175
5808,0.41986065937095884
5809,0.36224226704625984
5810,0.38091905413444743
5811,0.3660988197017579
5901,0.3730342232245551
5902,0.35631921029605496
5903,0.3461023076171431
5904,0.3046970087180463
5905,0.3199481927574531
5906,0.3359230594070125
5907,0.36199390259558156
5908,0.40335613307968726
5909,0.3335921885125138
5910,0.34025474443353976
5911,0.35964049185326724
6001,0.38006792688516206
6002,0.41207598578159477
6101,0.3819666952530452
6102,0.3587124579007277
6103,0.3766298223267474
6104,0.3643615493452942
6105,0.38598219915515986
6106,0.40073120153914543
6107,0.3773632585391992
6108,0.36596238667012915
6109,0.4048874976141974
6110,0.40128904957703326
6111,0.35475819455106083
6112,0.3513586444289291
6113,0.3503837074426383
6114,0.3656486239440916
6115,0.36726920196594576
6116,0.36192872347817007
6117,0.36691519374277237
6201,0.33634656339546914
6202,0.3285192918078072
6203,0.36264100541490984
6204,0.3622178168685925
6205,0.3772045511376196
6206,0.3684666848901992
6207,0.41142635998658106
6208,0.37217894639314275
6209,0.3620252724602082
6210,0.36642892622731327
6211,0.3610029133613284
6212,0.38563067819225105
6213,0.39014414123270674
6214,0.39636015016890935
6215,0.33726031253548006
6216,0.33834646513503747
6217,0.37632506904348517
6301,0.3899052253217431
6302,0.3156839935911259
6303,0.3430009132619837
6304,0.35896837860250314
6305,0.39925411731637905
6306,0.34580007372068444
6307,0.3580745604584726
6308,0.3097850921268552
6309,0.34193423114779686
6310,0.3917278477123095
6401,0.38203193771673816
6402,0.3489034323541623
6403,0.3383642840265211
6404,0.35183814355205223
6405,0.36596421014664066
6406,0.329683241906349
6501,0.4185809356810036
6502,0.4454604014184555
6504,0.40551978025671614
6505,0.34707534962257064
6506,0.34514154576331696
6507,0.33677705671562874
6601,0.34072308315059424
6602,0.31664558708583823
6603,0.34000372798457207
6701,0.4260045567474951
6702,0.39599999999999996
6703,0.3457890547837817
6704,0.418726167764978
6801,0.3449383886806237
6802,0.3718609039567599
6803,0.3714129743417691
6804,0.3214878652956978
6805,0.3279145435592345
6806,0.3034267842843136
6807,0.3217701594508869
6808,0.322367125738343
6809,0.36429890894427464
6810,0.3426557727801189
6811,0.3861294407919342
6812,0.3915633838885272
6813,0.3996966381117862
6814,0.3177764359629152
6815,0.4092748821028582
6901,0.39011843877116326
6902,0.3361293513857111
6903,0.3377017795794161
6904,0.3388985207963748
6905,0.3390557660153991
6906,0.2992432423884782
6907,0.3705550551917884
6908,0.3399465026655442
6909,0.3368598700855079
6910,0.3896526579341741
6911,0.35796652512995436
6912,0.35347383432513574
6913,0.36416108343167347
6914,0.3351855750696638
7001,0.385449708102118
7002,0.3484908264846511
7003,0.3526326651849619
7004,0.34811564559303193
7005,0.3175409248090655
7006,0.3542800042019294
7007,0.34384111134485906
7008,0.3419841869492076
7009,0.3298785929289527
7010,0.34904174332823534
7011,0.32675277017466237
7013,0.3489036465837917
7014,0.3576745801453628
7015,0.3566789088496647
7016,0.32908335732434985
7017,0.36266824606979603
7018,0.33307879380155664
7019,0.31865975903449084
7020,0.34493783950656076
7101,0.352782982568805
7102,0.4805515675596111
7103,0.4269321515095855
7104,0.38429645122636713
7105,0.3629554665235819
7106,0.36334787725155127
7107,0.3335634807961304
7108,0.3877613455556267
7109,0.4780069873273662
7110,0.5280279842896739
7111,0.39858196277332747
7112,0.37436044723899825
7113,0.3570756263167532
7114,0.3527179707813663
7115,0.34761579181925695
7116,0.38103276981736883
7117,0.38426799137224465
7118,0.32225258272187823
7201,0.33156287296998066
7202,0.39433001136640555
7203,0.3538833520079858
7204,0.344634220985379
7205,0.311395665899257
7206,0.3303769431163377
7207,0.3466136674543414
7208,0.316097453483142
7209,0.32156365861262315
7210,0.35281958441575867
7211,0.31959490099281096
7212,0.3340063385051556
7213,0.3149010016005533
7214,0.35738183245870353
7215,0.3777520999216041
7216,0.3714529946618722
7217,0.33220438640168376
7218,0.37204443886461386
7219,0.3222932252655799
7220,0.32091677471282815
7221,0.3287050836712811
7222,0.31654230113318943
7223,0.3364927418422524
7224,0.3706426479941792
7225,0.3038539609816622
7226,0.311064040637601
7227,0.3199181031261396
7228,0.335884268089814
7229,0.31793261716744725
7301,0.3365590386896532
7302,0.31710535871417966
7303,0.33779352068964225
7304,0.324120405515388
7305,0.3462596335358407
7306,0.3779692935537723
7307,0.3426007093918646
7308,0.32887150463353815
7309,0.3355521656933901
7310,0.3485457036913705
7311,0.3494187088854879
7312,0.32672099967242374
7313,0.4034682776791505
7314,0.3402703369354607
7315,0.329449558855026
7316,0.3498263088259542
7317,0.3649067451268009
7318,0.3260943966663743
7319,0.35001887612544635
7320,0.3398882955780891
7321,0.3549771809497224
7322,0.3499745707433689
7323,0.37219640545723753
7324,0.34516756733427
7325,0.3327174776413834
7326,0.3279545356894571
7401,0.37274623222778436
7402,0.5334163961092192
7403,0.4452147570353612
7404,0.3622756581405373
7405,0.42247637691749595
7406,0.3947593275980205
7407,0.35477096648878137
7408,0.36885272028237487
7409,0.3586009324208262
7410,0.3512685915614677
7411,0.3547993971908743
7412,0.3434684988453804
7413,0.3826590719816376
7415,0.3282713264252105
7418,0.3479549398888955
7419,0.3257804594498293
7501,0.43752409683601745
7502,0.4025390087629149
7503,0.3517259028171509
7504,0.33320758763369207
7505,0.3516987347453753
7506,0.38576087758876954
7507,0.3319900732489077
7508,0.3405139610820968
7601,0.4008867024583636
7602,0.36541253239288674
7603,0.33628731969277886
7604,0.37946036743997097
7605,0.45052814280120884
7606,0.33705238779397284
7607,0.3228826923275531
7608,0.36173476415316885
7609,0.35942168087757187
7610,0.3476129702111925
7611,0.33124175214295015
7612,0.3841423771198255
7613,0.3714888380737726
7614,0.4034770267528313
7615,0.38229436727191124
7616,0.3409556139664487
7801,0.35971052952922844
7802,0.3844890274080665
7804,0.3094111602810289
7806,0.38645014599052124
7901,0.34937020025638965
7902,0.34293527482378733
7903,0.38386802499137596
7904,0.30245204313167795
7905,0.3631509564655193
7907,0.3240977518885652
8001,0.43969071088440304
8002,0.33975928998291144
8003,0.37773537948977065
8007,0.34380845933114096
8101,0.3339358269379187
8102,0.3268309475805539
8103,0.32599961644106046
8104,0.354950610576521
8105,0.4239353398182139
8106,0.374553611453435
8107,0.34737312915102314
8108,0.3197286634360349
8109,0.38890274246711626
8110,0.3404283297210122
8111,0.44247711698933584
8112,0.3750715362919631
8113,0.31454308828296934
8201,0.38288411941663186
8202,0.3129040393055879
8203,0.3528922898061635
8204,0.3232278073285991
8205,0.3190332688200913
8206,0.3146586767849058
8207,0.32467414860578825
8208,0.3198295545327826
8209,0.3511055362501716
8210,0.3974748614005377
8211,0.3460693016999858
8212,0.3388683044666257
8213,0.3168583987619037
8214,0.311471170522857
8215,0.3636979275209136
8301,0.34320837695068507
8302,0.3269032559694982
8303,0.34888796099092817
8304,0.35447223823282875
8305,0.302773168152758
8306,0.3535705777898454
8307,0.3423358376027918
8308,0.34461862382913444
8309,0.365497092243788
8310,0.400764370424824
8311,0.3326122989660967
8401,0.32256208039582945
8402,0.3360651332795335
8403,0.3133746282452019
8404,0.3371270482165285
8405,0.3436356929616492
8406,0.3238664341496943
8407,0.333431867752767
8408,0.3279965063872476
8409,0.3530639398880908
8410,0.3404020189486026
8411,0.33582890817116984
8412,0.3327553167443472
8413,0.33632960884617363
8414,0.33233182283848406
8415,0.36052643718317945
8416,0.3188176629898349
8417,0.32825841560933106
8418,0.3692257037045744
8419,0.3238465941215033
8420,0.30696520817475553
8421,0.3593218034947297
8422,0.3293450058049258
8423,0.3456843094891273
8424,0.3548147139346144
8425,0.322206190218882
8426,0.3108061173047449
8427,0.32715976490368964
8428,0.3136651157095223
8429,0.342326258108675
8430,0.33401472643570623
8431,0.3252141033591308
8432,0.31776416310379557
8433,0.31242154993858445
8434,0.3242708502467132
8435,0.33248897331590194
8436,0.3112141599813556
8437,0.3597415851380822
8438,0.3241829960178635
8439,0.2883841905156164
8440,0.3400337313662905
8441,0.3360970955121183
8442,0.3275337243385206
8443,0.3629867421929875
8444,0.3283564248453718
8445,0.3355063243043538
8446,0.31073495159282155
8447,0.3569028307474101
8448,0.3352986618917896
8449,0.33967657420083996
8450,0.33172631500743377
8451,0.3443742969350106
8452,0.37400339379446385
8453,0.35559461823752975
8454,0.33344939977420135
8455,0.31592452277177374
8456,0.33625408719142336
8457,0.332349548609168
8458,0.3319140056579048
8459,0.35181341632309915
8460,0.3160706333371593
8461,0.33173475950209996
8462,0.32910134148042675
8463,0.3313853840506779
8464,0.34752096181504544
8465,0.3145566961306713
8466,0.32186352011192054
8467,0.33252659271526375
8468,0.3235341045111484
8470,0.36378370417407413
8471,0.3621578956199686
8472,0.3494969207962732
8473,0.3761502357563254
8474,0.3434792311535272
8475,0.31006343426430233
8476,0.33917091959008006
8477,0.3207703785609558
8478,0.357480355454473
8479,0.3258188987751233
8480,0.3282506859006202
8481,0.33375163638360106
8482,0.3275989039901566
8483,0.3180806859944403
8484,0.32863095123634267
8485,0.3175770380297248
8501,0.3364506165637837
8502,0.3178295295200525
8503,0.33012713648711545
8504,0.3391593818713938
8505,0.3762143741558996
8506,0.3758793084077625
8507,0.32146755230517393
8508,0.34347891449923607
8509,0.34511964460702843
8510,0.326202027959341
8511,0.3359296515079584
8512,0.33163926696140295
8513,0.3699268508258835
8514,0.34731438394845804
8515,0.3221931964559113
8516,0.34309213706551545
8517,0.35285584580652574
8518,0.34290152378401656
8519,0.32800134610091947
8520,0.3578705225339624
8521,0.34651422402499077
8522,0.3651316403175566
8523,0.3666071862016157
8524,0.3262705587319815
8525,0.3337501068734829
8526,0.35079310403844227
8527,0.3670559447635895
8528,0.339204816773827
8529,0.35672895624688566
8530,0.32905204846313557
8531,0.361126569726827
8532,0.3928166711048117
8533,0.3593941470681434
8534,0.36161033648045987
8535,0.3519024706572833
8536,0.374088340431504
8537,0.34898716348178815
8538,0.34099011040045846
8539,0.3134797365116413
8540,0.3419473697055608
8541,0.391912209218304
8542,0.39569753593706003
8543,0.3757259077658228
8544,0.3679133629765404
8545,0.3565395151471069
8546,0.3401828794652376
8547,0.32188180891482593
8548,0.3844248081567615
8601,0.3314751098497851
8602,0.39460422047646254
8603,0.30890300143003624
8604,0.36774060415938115
8605,0.30563876056209466
8606,0.3379279590990395
8607,0.30923891277971993
8608,0.32093917751283274
8609,0.3592967090230166
8701,0.3409780121219936
8702,0.3447664547446117
8703,0.32772673595621954
8704,0.3911457428736423
8705,0.3212950761449943
8706,0.3382279221805495
8707,0.30396188735957863
8708,0.3330163349953352
8709,0.3306783600386624
8710,0.34303336332203854
8711,0.3751602789446554
8712,0.3574070498376848
8713,0.3239859331235479
8714,0.3524367917455076
8715,0.33706682710721736
8716,0.330604669189519
8801,0.3644307629939251
8802,0.38414468455317946
8803,0.3519621484653344
8804,0.37647419124396236
8805,0.3644385857646523
8901,0.36668661417480103
8902,0.384155048595582
8903,0.3343252590899282
8904,0.39058358837934937
8905,0.42986950529088036
8906,0.507262342812331
8907,0.33581850554750553
8908,0.4437683492740138
9001,0.3587944549489601
9002,0.35156335863399285
9003,0.34523918934297515
9004,0.35836979037967276
9005,0.3474698097928568
9006,0.38924738810330767
9007,0.3967473586794233
9008,0.3635281747808144
9009,0.3980900128891496
9010,0.31922830650962086
9011,0.335832141367027
9012,0.31685148767469884
9013,0.3478873975001527
9014,0.34306706382919544
9015,0.3229697255611619
9016,0.3448431206037788
9017,0.34017641537867827
9018,0.4169642608395111
9019,0.40379724602642425
9020,0.34653179838336684
9021,0.37447096362548643
9022,0.3383810011898508
9023,0.34431509249469394
9024,0.338192277867231
9025,0.34933030179302454
9026,0.3413704621618923
9027,0.32483244399921674
9028,0.33130308378800416
9029,0.34896317846864844
9030,0.3791357063032663
9031,0.3650065984780826
9032,0.337864029560971
9033,0.3606060737636192
9101,0.32358500389683015
9102,0.33363674248554726
9103,0.4923101298391393
9104,0.36578234530102977
9105,0.3289973449987975
9106,0.32898297712676106
9107,0.3502025543805065
9108,0.3371712098860726
9109,0.35778051713097797
9110,0.38377633724011473
9111,0.34032901561762374
9112,0.3633122349126669
9113,0.3763779920532634
9114,0.3669832891955114
9201,0.3615949891728779
9202,0.39748792243175396
9205,0.34796607484624703
9206,0.35696331963359973
9207,0.3824043010157427
9208,0.3725082144023519
9209,0.33806278292254716
9301,0.3499150105762879
9302,0.3357444870700961
9303,0.3696308169481206
9304,0.30973637828500655
9305,0.34271291631701023
9306,0.35202183149862243
9307,0.35376120951742585
9401,0.33436884778849063
9402,0.33044850048528285
9403,0.33122983603831124
9404,0.34865569983098915
9405,0.3561255682716593
9406,0.32495825187255956
9503,0.3215501246908129
9504,0.3447704617356524
9505,0.39111166399400027
9506,0.3471345163746707
9507,0.39040116410903036
9508,0.3226509685027594
9601,0.40416168072287695
9602,0.36237657106634197
9603,0.3974816354599162
9604,0.3532417087047444
9605,0.39168552689726993
9606,0.39016781556207847
9607,0.4651469907933975
9608,0.33712499857629113
9609,0.36262218700755816
9610,0.34087673417455877
9611,0.3148400636319854
9612,0.35517723903179244
9613,0.35656622836332674
9614,0.33507404867023266
9615,0.37928160621474855
9616,0.34431984700599566
9617,0.4040103510111105
9618,0.38364519395379704
9701,0.3464594135216437
9702,0.34971925452381064
9703,0.3611472008807029
9704,0.3250447105506631
9705,0.39319015078620834
9706,0.35310464567934635
9999,0.3694667658701061
